CATREF,BOX
"10"" CROSSAIR FAN",4
"12"" CABIN FAN",4
"12""CLEAN FLOW",2
"12""CROMAIR",
"12""PERSONAL",2
"16"" CABIN FAN",2
"8"" CROSSAIR FAN",4
"9""CLEAN FLOW",4
"9""PERSONAL",4
ACGEI-DM1,12
ACGEI-DM1 PLUS,12
ACGEI-SD,12
ACGC-DAC552,1
ACGEI-WD,12
ACGGS-A21,
ACGGS-M22,4
ACGIGG05-HS,4
ACGIGG06-HS,4
ACGJE-JES,6
ACGJMG-RJ,2
ACGM-BX,4
ACGM-DS51,4
ACGM-DXT PLUS,2
ACGM-EX,4
ACGM-MGE1,4
ACGM-TD71,4
ACGM-VX,4
ACGRH-BHC,2
ACGRH-EH1,4
ACGRH-EH2,4
ACGRH-ORH1,1
ACGRH-ORH2,1
ACGRH-ORH3,1
ACGRH-ORH4,1
AIRSTAR20FARRATA,2
AIWH01P(3KW)-IVY,6
AIWH01P(3KW)-R,6
AIWH01P(3KW)-WHT,6
AIWH01PC1(3KW)-IVY,6
AIWH01PC1(3KW)-WHT,6
AIWH03PC1(3KW)-IVY,4
AIWH03PC1(3KW)-WHT,4
AIWH03PC1(4.5KW)-I,4
ASWH306-FM-WHT,1
ASWH306-IVY,1
ASWH306-WHT,1
ASWH310-IVY,1
ASWH310-WHT,1
ASWH315-E-HM-IVY,1
ASWH315-E-IVY,1
ASWH315-E-WHT,1
ASWH315-HM-IVY,1
ASWH315-IVY,1
ASWH315-WHT,1
ASWH325-E-HM-IVY,1
ASWH325-E-IVY,1
ASWH325-E-WHT,1
ASWH325-HM-IVY,1
ASWH325-IVY,1
ASWH325-WHT,1
ASWH335-IVY,1
ASWH350-IVY,1
ASWH415-HZ-FLR-IVY,1
ASWH506-IVY,1
ASWH510-IVY,1
ASWH515-HM-IVY,1
ASWH515-IVY,1
ASWH525-HM-IVY,1
ASWH525-IVY,1
ASWH525-WHT,1
ASWH706-IVY,1
ASWH706-WHT,1
ASWH710-IVY,1
ASWH715-IVY,1
ASWH725-IVY,1
ASWH725-WHT,1
ASWH806-IVY,1
ASWH806-IVY,1
ASWH815-IVY,1
ASWH815-IVY-R,1
ASWH825-IVY,1
ASWH825-IVY-R,1
ASWH825-WHT,1
AURA1200BRNDLX-WOR,4
AURA1200IVYDLX-WOR,4
AURA1200NEWWHT-WOR,4
AURA1200OPWDLX-WOR,4
AURA1200SNDDLX-WOR,4
AURA1200SSTDLX-WOR,4
AURA1200WHTDLX-WOR,4
AURA1400IVYDLX-WOR,4
AURAPRM1200HGD-WOR,2
AURAPRM1200OPG-WOR,4
AURAPRM1200PEL-WOR,4
AURAPRM1200SSL-WOR,4
AURAPRM1200HMT-WOR,4
AXIALAIR100-IVY,20
AXIALAIR100-BRN,20
AXIALAIR100-WHT,20
AXIALAIR150-IVY,20
AXIALAIR150-WHT,20
BRISKAIR150HS-IVY,8
BRISKAIR150HS-BLK,8
BRISKAIR150HS-WHT,8
BRISKAIR150HS-BRN,8
BRISKAIR200HS-IVY,8
BRISKAIR200HS-BLK,8
BRISKAIR200HS-BRN,8
BRISKAIR200HS-WHT,8
BRIZ1050BRN-WOR,4
BRIZ1050IVY-WOR,4
BRIZ1050OPW-WOR,4
BRIZ1200BRN-WOR,4
BRIZ1200IVY-WOR,4
BRIZ1200OPW-WOR,4
BRIZ1200WHT-WOR,4
BRIZ1400BRN-WOR,4
BRIZ1400IVY-WOR,4
BRIZ1400OPW-WOR,4
BRIZ600BRN-WOR,4
BRIZ600IVY-WOR,4
BRIZ600OPW-WOR,4
BRIZ900BRN-WOR,4
BRIZ900IVY-WOR,4
BRIZ900OPW-WOR,4
CA015,
CB1050MM-LB-WOR,4
CB1050MM-OPW-WOR,4
CB1050MM-IVY-WOR,4
CB1200MM-IVY-WOR,4
CB1200MM-OPW-WOR,4
CB1400MM-IVY-WOR,4
CB1400MM-LB-WOR,4
CB1400MM-OPW-WOR,4
CB900MM-LB-WOR,4
CB900MM-OPW-WOR,4
HS1050BRN-WOR,4
HS1050IVY-WOR,4
HS1050OPW-WOR,4
HS1050WHT-WOR,4
HS1200BRN-WOR,4
HS1200IVY-WOR,4
HS1200OPW-WOR,4
HS1200SND-WOR,4
HS1200SST-WOR,4
HS1200WHT-WOR,4
HS1400BRN-WOR,4
HS1400IVY-WOR,4
HS1400OPW-WOR,4
HS1400WHT-WOR,4
HS900BRN-WOR,4
HS900IVY-WOR,4
HS900OPW-WOR,4
HS900WHT-WOR,4
HSDCPRM1200AGD-WOR,4
HSDCPRM1200GGD-WOR,4
HSDCPRM1200PEL-WOR,4
HSDCPRM1200SCR-WOR,4
HSDCR1200BRN-WOR,4
HSDCR1200IVY-WOR,4
HSDCR1200WHT-WOR,4
HSDCR1400BRN-WOR,4
HSDCR1400WHT-WOR,4
HSPLUS1200BRN-WOR,4
HSPLUS1200IVY-WOR,4
HSPLUS1200OPW-WOR,4
JUPITER1200BRASS,1
JUPITER1200GLD,1
JUPITER1200SILVER,1
LEO1200BGD-WOR,4
LEO1200CG-WOR,4
MANC600WALL-3,1
MOUNTAIR100-IVY,20
MOUNTAIR100-WHT,20
MOUNTAIR100-SF,20
MOUNTAIR100-AG-SF,20
MOUNTAIR150-IVY,20
MOUNTAIR150-BLK,20
MOUNTAIR150-BRN,20
MOUNTAIR150-WHT,20
MOUNTAIR150-SF,20
MTBZ1200BRN-WOR,4
MTBZ1200IVY-WOR,4
MTBZ1200OPW-WOR,4
NEBULA1200ANB,1
OLGA1200BRN-WOR,4
OLGA1200IVY-WOR,4
OLGA1200WHT-WOR,4
PAVAN1200IVY-WOR,4
PAVAN1200LB-WOR,4
PAVAN1200OPW-WOR,4
SB1200IVY-WOR,4
SB1200LB-WOR,4
SB1200OPW-WOR,4
SEAWIND1200IVY-WOR,4
SEAWIND1200LB-WOR,4
SEAWIND1200OPW-WOR,4
TA150-AG,8
TA225-AG-G,4
TA225-AG-REV,4
TA300-AG-G,2
TA300-AG-REV,2
TAU1200BRS-WOR,2
TAU1200GMT-WOR,2
TAU1200NKL-WOR,2
URANUS1200BLK,1
URANUS1200IVY,1
WINDSTAR FARRATA,2
WINZER1200IVY-WOR,4
WINZER1200LB-WOR,4
WINZER1200OPW-WOR,4
WINZER1400LB-WOR,4
WINZER1400OPW-WOR,4
WWDECORA1200IVYWOR,4
WWDECORA1200LB-WOR,4
WWDECORA1200OPWWOR,4
WWHE1200-IVY-WOR,4
WWHE1200-LB-WOR,4
WWHE1200-OPW-WOR,4
WWHE1400-LB-WOR,4
WWHE1400-OPW-WOR,4
ASWH306-FM-IVY,1
ASWH615A-IVY,1
ACGEI-ED PLUS,12
ACGEI-HD,12
ACGEI-LD PLUS,12
ACGHU650SQ,1
ACGP-FP,1
ACGSI-MS2,12
ACGSI-MS2-SCH,12
ASWH606A-IVY,1
ASWH610A-IVY,1
ASWH625A-IVY,1
ASWH815-SCH,1
MTBZDEC1200BRN-WOR,3
MTBZDEC1200IVY-WOR,3
MTBZDEC1200OPW-WOR,3
ASWH910S-IVY-I,1
ASWH915S-IVY-I,1
ASWH915-IVY-I,1
EXHD300-4-1,1
EXHD300-6-1,1
EXHD380-4-3,1
EXHD380-4-1,1
EXHD380-6-1,1
EXHD450-4-1,1
EXHD450-4-3,1
EXHD450-6-1,1
EXHD450-6-3,1
EXHD600-6-1,1
EXHD600-6-3,1
RIV1200BRN-WOR,4
AURAPRM1200BKE-WOR,2
AVR1200SWT-WOR,2
ACGJMG-HJ1,2
ASWH415-IVY,1
PVNDEC1200LB-WOR,4
ACGEI-HDC,12
MANC600PED-3,1
HSDCR1200OPW-WOR,4
RIV1200OPW-WOR,4
ASWH406-IVY,1
ASWH410-IVY,1
ASWH425-IVY,1
ASWH410-IVY,1
AIWH03PC1(3KW)-R,4
AURA900NEWWHT-WOR,4
TMJ1200WBL-WOR,2
EMP1200OPW-WOR,4
ASWH415-HZ-FLR-WHT,1
EXHD900-8-3,1
ASWH1015-IVYGRNGLD,1
ASWH1025-IVYGRNGLD,1
BRIZDEC1200IVY-WOR,4
ACGEI-RD,12
TAU1200BCP-WOR,2
MTBZ600OPW-WOR,4
MTBZ600BRN-WOR,4
EMP1200BRN-WOR,4
BRIZDEC1200BRN-WOR,4
ULT1200BRN-WOR,4
ULT1200OPW-WOR,4
ULT1200IVY-WOR,4
WMFIZZAIR12OPW,3
SAIL1200FRD-WOR,2
TWL1200FRD-WOR,2
MTBZ900BRN-WOR,4
BRIZDEC1200OPW-WOR,4
SAIL1200TNBR-WOR,2
TWL1200TNBR-WOR,2
SAIL1200TNBR-WOR,2
HS1200BRN-WOR-I,4
HS1200OPW-WOR-I,4
MANC750WALL-3,1
MTBZ900OPW-WOR,4
AURA1400IVYDLX-WOR,4
ASWH1025-IVYGRYGLD,1
ASWH425-HZ-FLR-IVY,1
ACGM-DD71,2
ACGJMG-DJ DLX,2
MANC450PED-3,1
MTBZ1400OPW-WOR,4
MTBZ1400BRN-WOR,4
PVNDEC1200IVY-WOR,4
PVNDEC1200OPW-WOR,4
NEBULA1200ANB,1
MTBZ1400IVY-WOR,4
MTBZ600IVY-WOR,4
WWPS1200OPW-WOR,4
WWPS1200LB-WOR,4
ACGM-TD62,2
ACGM-TD61S,2
ENT1200OPW-WOR,4
AURA48IVYDLX-WOR-I,4
ENT1200BRN-WOR,4
ACGHU850SQ,1
ASWH1010-IVY,1
ACGTD-TDO1-R,20
ACGTD-TDW1-R,20
AIWH01PC1(4.5KW)-I,6
ASWH1015-IVYGRYGLD,1
ASWH450-IVY,1
ACGTD-TDN1-R,20
VAL1200ABR,1
ACGIC-ESS1,6
ACGVS-100VREF,4
ACGVS-130VAC,1
ACGVS-150VAC,3
ACGVS-170VAC,3
VAL1200ACR,1
ACGEL-LE21-CHR,10
ACGVS-135VREF,4
CB900MM-IVY-WOR,4
CBDECO1200IVY-WOR,4
CBDECO1200LB-WOR,4
ACGIH-IHL102,20
VENTILUS150-WHT,8
VENTILUS150-IVY,8
VENTILUS150-BLK,8
VENTILUS150-BRN,8
VENTILUS200-WHT,8
VENTILUS200-BLK,8
VENTILUS200-BRN,8
VENTILUS200-IVY,8
CBDECO1200OPW-WOR,4
cfl,50
ASWH435-IVY,1
ACGTD-TDH1-R,20
DRIFTAIRPLUS150,6
DRIFTAIRPLUS225,4
FLUXAIR225,4
FLUXAIR300,4
ASWH1010-IVYGRNGLD,1
DRIFTAIRPLUS300,4
ACGIH-IHL152,20
ACGM-DD72,2
ACGSI-MS1,12
DRIFTAIRP225BRN,4
DRIFTAIRP300BRN,4
FLUXAIR150,6
MTBZ900IVY-WOR,4
500MMCKM-MARKI,8
SMN1200GBL-WOR,2
CKP-SUB,36
DRIFTAIRP150BRN,6
SAIL1200SWT-WOR,2
TWL1200SWT-WOR,2
TWL1200OPW-WOR,2
AXIALAIR150-BRN,20
AXIALAIR150-BLK,20
AXIALAIR100-BLK,20
WWPS1200IVY-WOR,4
EXHD450-6-3,1
ACGRH-HRH2,4
MOUNTAIR100-BLK,20
MOUNTAIR100-BRN,20
LRN1200HGD-WOR,4
LRN1200LSL-WOR,4
LRN1200OPW-WOR,4
LRN1200IVY-WOR,4
CKP-SUB-8DLX,24
RIV900BRN-WOR,4
EXHD600-8-1,1
ACGFRH1,6
AURAPRM1200BKE-WOR,2
TWL1200IBL-WOR,2
ACGVS-100VAC,1
ACGM-DS53,4
EXHD600-8-3,1
RIV900OPW-WOR,4
NEOBRZ1200BRN-WOR,4
NEOBRZ1200IVY-WOR,4
NEOBRZ1200OPW-WOR,4
AURAPRM1200BSC-WOR,2
MANC750PED-3,1
DRIFTAIRP225BRN,4
TFRAVEAIR16-OPW,3
WINZER1400IVY-WOR,4
ACGIC-CREST,6
PFFIZZAIRHS16-OPW,2
TFFIZZAIRHS16OPW,3
WMFIZZAIRHS16OPW,3
FLY48EMBER-WOR,2
FLY48SWT-WOR,2
ACGJMG-RJPLUS,4
TWT1200PGR-WOR,2
ZPR1200BRN-WOR,4
MOUNTAIR150-AG-SF,20
SMART1200OPW-WOR,4
AURPM48BKE-WOR,2
ASWH610DUMMY,1
ASWH825DUMMY,1
ASWH815DUMMY,1
ASWH810DUMMY,1
ASWH615DUMMY,1
ASWH806DUMMY,1
SMART1200LB-WOR,4
ACGIH-IHL103,25
ACGIH-IHL153,25
ZPR1200OPW-WOR,4
ACGIH-IHL101,20
aswh1515-ivy,1
EXHD380-6-3,1
ASWH406DUMMY,1
ASWH410DUMMY,1
ASWH606DUMMY,1
ASWH425DUMMY,1
ASWH1515-WHT/BRW,1
ASWH1525-WHT/BRW,1
ASWH1315-WHT/BLU,1
ASWH1310-WHT/BLU,1
ASWH625DUMMY,1
ACGM-MANGO LITE,2
ACGM-FROSTY LITE,2
ACGSI-PRESTO,12
HLB1200BRN-WOR,4
HLB1200IVY-WOR,4
HLB1200OPW-WOR,4
ACGIC-ESS2,6
ACGEI-PD,12
ASWH1325-WHT/BLU,1
BLIS1200LB-WOR,4
ASWH1415-WHT/BRW,1
ASWH1025-WHTGRYSIL,1
ASWH415DUMMY,1
ASWH1410-WHT/BRW,1
ASWH1010-WHTGRYSIL,1
ASWH1015-WHTGRYSIL,1
ACGM-SIERRA 500,4
ASWH615A-HZ-IVY,1
BLIS1200IVY-WOR,4
ACGSI-ARISTO,12
ASWH1425-WHT/BRW,1
ASWH615A-HZ-IVY,1
DUMMYFLY48ASL,2
DUMMYTWL48IBL,2
ACGSI-PYRO,12
DUMMYTWL48OPW,2
BLIS1200OPW-WOR,4
S-TCK000101,4
S-TCK000201,8
ASWH625HZ-IVY,1
ASWH615HZ-IVY,1
SMART1200MB-WOR,4
TITANIS1200RBN-WOR,1
TITANIS1200VNL-WOR,1
KAN1300GMT-WOR,2
KAN1300RBN-WOR,2
KAN1300SPW-WOR,2
KAN1300ABR-WOR,2
KAN1300ACR-WOR,2
KAN1300BST-WOR,2
KLSH1200ACR-WOR,2
KLSH1200PWT-WOR,2
KLSH1200BST-WOR,2
KLSH1200RBN-WOR,2
LUSTER1300PSWT,2
LUSTER1300RBN,2
TRIT1200ABR-WOR,2
TRIT1200ACR-WOR,2
TRIT1200BST-WOR,2
TRIT1200RBN-WOR,2
TRIT1200VNL-WOR,2
TRITPM48RBNBRS-WOR,2
TRITPM48RBNBST-WOR,2
TRITPM48RBNCPR-WOR,2
TRITPM48SWTCRM-WOR,2
SMART1200IVY-WOR,4
CB1200MM-LB-WOR,4
DVN1200SWT-WOR,2
DVN1200IBL-WOR,2
HS600OPW-WOR,4
HS600BRN-WOR,4
OBRN1200ABR,2
OBRN1200BST,2
NEOSTAR FARRATA,1
KAR1200ASL-WOR,2
KAR1200ABR-WOR,2
KAR1200CPR-WOR,2
FLY48ASL-WOR,2
AST1200OPW-WOR,4
OBRN1200ACR,2
AST1200BRN-WOR,4
BSKWD48GRN-WOR,2
RIV600ABR-WOR,4
RIV600ACR-WOR,4
RIV600BST-WOR,4
RIVDASHHS100-IVY,6
RIVDASHHS100-WHT,6
RIVDASHHS100-BLK,6
RIVDASHHS150-IVY,6
RIVDASHHS150-WHT,6
RIVDASHHS150-BLK,6
RIVDASHHS150-BRN,6
RIVSPRINTHS100-IVY,6
TRIT1200IVY-WOR,2
ACGIC-SMARTPLUS,6
AST1200BNC-WOR,4
RIVSPRINTHS150-BLK,6
RIVSPRINTHS100-BLK,6
RIVSPRINTHS100-WHT,6
DRIFTAIRHS225,4
RIV600GBRN-WOR,4
RIV600GBRN-WOR,4
RIV600OPW-WOR,4
RIVBOLTHS200-IVY,6
RIVBOLTHS200-WHT,6
RIVSPRINTHS100-BRN,6
RIVSPRINTHS150-BRN,6
RIVDASHHS100-BRN,6
RIVSPRINTHS150-WHT,6
NEOBRZDEC48OPW-WOR,4
RIVSPRINTHS150-IVY,6
RIVBOLTHS200-BLK,6
RIVBOLTHS200-BRN,6
NEOBRZDEC48BRN-WOR,4
ENT1200BNC-WOR,4
AURA600NWT-WOR,4
AURA900IVYDLX-WOR,4
AURAPM48ONX-WOR,2
AURAPRM1200LGB-WOR,4
AURAPRM1200TTE-WOR,4
AURPM36BKE-WOR,2
AURPM48LMT-WOR,2
AURPM48MMT-WOR,2
AVR1200BBR-WOR,2
AVR1200CBN-WOR,2
AVR1200LGB-WOR,2
AVR1200SKS-WOR,2
AVR900BBR-WOR,2
AVR900SWT-WOR,2
AVRPM48COCO-WOR,2
AVRPM48CRSL-WOR,2
AVRPM48HWD-WOR,2
AVRPM48LMT-WOR,2
AVRPM48MMT-WOR,2
CAL1200BRN-WOR,4
CAL1200IVY-WOR,4
CAL1200OPW-WOR,4
HS600BRN-WOR,4
HS600OPW-WOR,4
HSDCPRM1200BSL-WOR,4
HSDCPRM1200NWT-WOR,4
JURA1200MGL-WOR,4
JURA1200AMB-WOR,4
JURA1200BBR-WOR,4
PF16SAPPY-OPW-SU,1
PF16SAPPY-OPW-SU,2
RAD1200IBL-WOR,2
RAD1200WGL-WOR,2
RIV1400BRN-WOR,4
SEN1200OPW-WOR,4
SENPRM1200NVL-WOR,4
SENPRM48NVL,4
STB600FRD-WOR,2
STB750FRD-WOR,2
STB750SWT-WOR,2
TFHS16RVR-BLK,2
TFHS16RVR-BRN,2
WMSDX-OPW-2U-OPW,2
ZPR900BRN-WOR,4
NEOBRZDEC48IVY-WOR,4
RIVCABAIR300-OPW,2
ASWH1315DUMMY,1
ASWH1515DUMMMY,1
ASWH1525DUMMMY,1
ASWH1325DUMMY,1
AIWH03PC1DUMMY,4
AURA600IVY-WOR,4
AURPMAD48ABG,4
AURA48BIGDLX-WOR,4
AVR1200ABG-WOR,2
AURPM24BKE-WOR,2
AVRPM48NWD-WOR,2
CAL1200SSBB-WOR,4
HB1200OPW-WOR,4
HB1200BRN-WOR,4
RAD1200PIVY-WOR,2
RAD1200CRBN-WOR,2
RIV1400OPW-WOR,4
ACGHU800SW,1
AIWH03BLISS(3KW),4
DVN1200RBN-WOR,2
AVRPM48RBL-WOR,2
RIV1200BNC-WOR,4
CAL1200GGBB-WOR,4
AURA48HGNDLX-WOR,4
AVR1200IBL-WOR,2
AURAPRM1200HMG-WOR,4
JURA1200PSWT-WOR,4
HB1400OPW-WOR,4
ACGHU1400SW,1
AURPMAD48BKE-WOR,2
AURPM24ONX-WOR,4
AURPM36CHK-WOR,2
AURPM36ONX-WOR,2
AURPM42ONX-WOR,2
ACGM-SIERRA 600,4
AVRPMAD48IBL-WOR,2
JURA900BBR-WOR,4
AURAPRM1200LGL-WOR,4
AURAPRM1200MLB-WOR,4
AVES48NWT-RFRM,2
CAL1200BBHG-WOR,4
JURA1400BBR-WOR,4
JURA600BBR-WOR,4
JURA600PSWT-WOR,4
ACGEI-PD PLUS,12
HS600IVY-WOR,4
AIWH01BLISS(3KW),4
AURPMAD48TTE-WOR,4
AVRPMAD48BBR-WOR,2
AVRPMAD48COCO-WOR,2
AURAPRM48BNZ,4
AVRPMAD48CBN-WOR,2
AURA48SBNDLX-WOR,4
AURPMAD48DBN-WOR,2
AVR1200WGL-WOR,2
ESAV48SBN-REM,2
AURAPRM1200DBN-WOR,4
VENTILUS250-WHT,4
AURPM24CHK-WOR,4
AURPM42CHK-WOR,2
DUMMYDVN48RBN,2
MTBZDEC1400IVY-WOR,4
MTBZDEC1400OPW-WOR,4
BRIZ1400BRN-WOR,4
BRIZ1400OPW-WOR,4
BRIZ1400IVY-WOR,4
ACGC-DAC554,1
ACGC-DAC503,1
DUMMYFLY48EMBER,2
DUMMYJURA48AMB,2
JURA900PSWT-WOR,4
AVRPMAD48LMT-WOR,2
AURPMAD48HGD-WOR,4
AURPMAD48MMT,2
AURPMAD48MLB-WOR,2
AVRPMAD48ABG-WOR,2
AVRPMAD48CRSL-WOR,2
AURPMAD48LGL-WOR,2
AURPMAD48ABG-WOR,2
AURPMAD48LGB,2
ALBRIZ1200BRN-WOR,4
ALBRIZ1200OPW-WOR,4
ALBRIZ1200IVY-WOR,4
AURPMAD36BKE-WOR,2
AURPMAD56BKE-WOR,2
AGPM48DWD,2
AGPM48BBR-WOR,2
AURAPLUS48TTE-WOR,4
AURPMAD24BKE-WOR,4
AURPMAD48CHK-WOR,2
AURPMAD48LGB-WOR,4
WMSDX-BLK-2U-GLD,2
BRISKAIR250-WHT,6
TFHIFLO16EVA,3
AURPMAD48HMG-WOR,4
AVRPMAD36BBR-WOR,2
JURA1200OPW-WOR,4
PFRVRSF16-OPW,2
WMCRESSIDA16,3
WMDMD16-WHT,3
Table Fan ,3
Pedestal Fan ,2
ALBRIZ48OPW,4
AST48BNC,4
AST48BRN,4
AST48OPW,4
AURA24IVY,4
AURA48BRNDLX,4
AURA48IVYDLX,4
AURA48NEWWHT,4
AURA48OPWDLX,4
AURA56NEWWHT,4
AURAPRIME48BKE,2
AURAPRM48BSC,4
AURAPRM48HGD,4
AURAPRM48HMG,4
AURAPRM48HMT,4
AURPM36CHK,4
AURPMAD24CHK,4
AURPMAD24BKE,4
AURPMAD42BKE,2
AURPMAD48BKE,2
AURPMAD48BKE,2
AURPMAD48CHK,2
AURPMAD48DBN,4
AURPMAD48HMG,2
AURPMAD48TTE,4
AVR48SWT,2
AVRES48BBR-RFRM,2
AVRES48NWT-RFRM,2
AVRES48ONX-RFRM,2
AVRPMAD36BBR,2
AVRPMAD48ABG,2
AVRPMAD48CBN,2
AVRPMAD48LMT,2
AVRPMAD48MMT,2
AVRPMAD48RBN,2
AVRPRIME48HWD,2
AVRPRIME48NWD,2
AVRPRIME48RBL,2
AXIALAIR4IVY,20
AXIALAIR4WHT,20
AXIALAIR4BLK,20
AXIALAIR4BRN,20
BRISKAIR10WHT,6
BRIZ24BRN,4
BRIZ24OPW,4
BRIZ24IVY,4
BRIZ36OPW,4
BRIZ36BRN,4
BRIZ36IVY,4
BRIZ48BRN,4
BRIZ48IVY,4
BRIZ48OPW,4
BRIZDEC48BRN,4
BRIZDEC48OPW,4
BRIZDEC48IVY,4
BSKWD48GRN,2
CAL48SSBB,4
CAL48OPW,4
CB24OPW,4
CB24LB,4
CB36LB,4
CB36OPW,4
CB36IVY,4
CB48OPW,4
CB48IVY,4
CB48BRN,4
CB56OPW,4
CB56IVY,4
CB56LB,4
CBDECO48LB,4
CBDECO48IVY,4
CBDECO48OPW,4
DRIFTAIRPLUS9BRN,4
DRIFTAIRPLUS12BRN,4
DRIFTAIRPLUS6BRN,6
ENT48BNC,4
ENT48BRN,4
ENT48OPW,4
HB48OPW,4
HLB48BRN,4
HLB48OPW,4
HLB48IVY,4
HS24BRN,4
HS24IVY,4
HS24OPW,4
HS36BRN,4
HS36IVY,4
HS36OPW,4
HS42BRN,4
HS42OPW,4
HS42IVY,4
HS48BRN,4
HS48BRN-I,4
HS48IVY,4
HS48OPW,4
HS48OPW-I,4
HS56BRN,4
HS56IVY,4
HS56OPW,4
HSDCPRM48GGD,4
HSDCPRM48AGD,4
HSDCPRM48PEL,4
HSDCR48BRN,4
HSDCR48IVY,4
HSPLUS48BRN,4
HSPLUS48OPW,4
HSPLUS48IVY,4
JURA24BBR,4
JURA24PSWT,4
JURA48AMB,4
JURA48OPW,4
JURA48PSWT,4
KAR48ABR,2
KAR48ASL,2
KAR48CPR,2
LRN48HGD,4
LRN48IVY,4
LRN48LSL,4
LRN48OPW,4
LUSTER52PSWT,2
LUSTER52RBN,2
MOUNTAIR6SF,20
MOUNTAIR6WHT,20
NEOBRZ48BRN,4
NEOBRZ48OPW,4
NEOBRZ48IVY,4
MOUNTAIR6BLK,20
MOUNTAIR6IVY,20
PAVAN48IVY,4
PAVAN48LB,4
PAVAN48OPW,4
PFRVRSF16OPW,2
PFWIND16CRMBLK,1
RIV36BRN,4
RIV36OPW,4
RIV36IVY,4
RIV48BRN,4
RIV48OPW,4
RIV48BNC,4
RIVBOLTHS8BLK,6
RIVBOLTHS8WHT,6
RIVBOLTHS8IVY,6
RIVCABAIR12OPW,2
RIVDASHHS4BLK,6
RIVDASHHS4BRN,6
RIVDASHHS4IVY,6
RIVDASHHS6BLK,6
RIVDASHHS6IVY,6
RIVDASHHS6WHT,6
SB48IVY,4
SB48LB,4
SB48OPW,4
SEAWIND48IVY,4
SEAWIND48LB,4
SEAWIND48OPW,4
SEN36OPW,4
STB30SWT,2
TA12AG-GRD,2
TFHIFLOEVA16OPW,3
TITANIS48RBN,1
TITANIS48VNL,1
TRIT48ABR,2
TRIT48ACR,2
TRIT48BST,2
TRIT48RBN,2
TRIT48VNL,2
TRITPRIME48RBNBST,2
TRITPRIME48SWTCRM,2
TRITPRIMEM48RBNBRS,2
TWL48FRD,2
TWT48PGR,2
ULT48OPW,4
ULT48BRN,4
ULT48IVY,4
URANUS48BLK,1
URANUS48IVY,1
VENTILUS6WHT,8
WINZER48LB,4
WINZER48IVY,4
WINZER48OPW,4
WINZER56LB,4
WINZER56OPW,4
WMCRESSIDA16OPW,4
WMDMD16WHT,3
WMSDX16OPW-2U-OPW,2
WMSDX16OPW-2U-GLD,2
WWHE48LB,4
WWHE48OPW,4
WWHE48IVY,4
ZPR48BRN,4
STB24FRD,2
STB30FRD,2
DRIFTAIRPLUS6OPW,6
JUPITER48BRASS,1
NEBULA48ANB,1
NEOBRZDEC48BRN,4
PVNDEC48LB,4
PVNDEC48IVY,4
PVNDEC48OPW,4
RIV24ABR,4
RIV24ACR,4
RIV24GBRN,4
RIV24OPW,4
S-90000757,
S-90000763,
TA6AG,8
TRITPRIME48RBNCPR,2
WINDSTARFARRATA20,2
AXIALAIR6IVY,20
AXIALAIR6WHT,20
AXIALAIR6WHTN,20
BRIZ56OPW,4
CB48LB,4
DRIFTAIRHS9OPW,4
DRIFTAIRPLUS12OPW,4
DRIFTAIRPLUS9OPW,4
DVN48RBN,2
FLUXAIR9OPW,4
FLY48EMBER,2
FLY48SWT,2
NEOBRZDEC48IVY,4
SMART48LB,4
SMART48OPW,4
TA9AG-GRD,4
VENTILUS10WHT,4
VENTILUS8BRN,8
VENTILUS8BLK,8
VENTILUS8WHT,8
ALBRIZ48BRN,4
RIVSPRINTHS4BLK,6
RIVSPRINTHS4BRN,6
RIVSPRINTHS4IVY,6
RIVSPRINTHS4WHT,6
RIVSPRINTHS6BRN,6
RIVSPRINTHS6IVY,6
RIVSPRINTHS6WHT,6
ZPR48OPW,4
FLUXAIR6OPW,6
BRISKAIR6HSWHTN,8
BRISKAIR6HSBRN,8
AURA36NEWWHT,4
VENTILUS6BLK,8
MOUNTAIR4IVY,20
NEOBRZDEC48OPW,4
WWPS48OPW,4
AXIALAIR6BRN,20
BRISKAIR6HSIVYN,8
BRISKAIR8HSBLK,8
BRISKAIR8HSIVY,8
BRISKAIRPLUS8BLK,8
BRISKAIR8HSWHT,8
MOUNTAIR4WHT,20
VENTILUS6IVY,8
BRISKAIR6HSIVY,8
BRISKAIR8HSBLK,8
BRISKAIR8HSIVY,8
BRISKAIR8HSWHTN,8
MOUNTAIR4WHT,20
AXIALAIR6BRN,20
BRISKAIR6HSIVY,8
BRISKAIR8HSBLK,8
BRISKAIR8HSIVY,8
BRISKAIR8HSWHT,8
BRIZ42OPW,4
FLY48ASL,2
MOUNTAIR4WHT,20
RIVDASHHS4WHT,6
TA12AG-REV,2
VENTILUS6IVY,8
WWPS48LB,4
WWHE56OPW,4
AURAPLUS48IVY,4
AVR36SWT,2
AURA24NWT,4
AURPMAD56BKE,4
AVRPMAD42BBR,2
AVRPMAD48SKS,2
AVRPMAD48COCO,2
AVRPMAD48BBR,2
AURPMAD48LMT,2
AURPMAD36BKE,2
RIV56OPW,4
AVRPMAD48CRSL,2
HS42IVY,4
HS42BRN,4
HS42OPW,4
KAN52ABR,2
KAN52ACR,2
RIV24BST,4
KAN52BST,2
KAN52GMT,2
AXIALAIR6BLK,20
BRISKAIR6HSBLK,8
MTBZ48OPW,4
RIVDASHHS6BRN,6
SMART48IVY,4
SMART48MB,4
VENTILUS8IVY,8
VENTILUS6BRN,8
AURPMAD48HGD,4
FLUXAIR12OPW,4
KAN52RBN,4
KAN52SPW,4
ACGVS-ELITE17AC,4
RIVBOLTHS8BRN,6
CB42IVY,4
CB42OPW,4
CB42LB,4
AVRPMAD48IBL,2
DUMMYKAR48CPR,2
BRIZ56BRN,4
MTBZ48BRN,4
DUMMYTRIPM48RBNCPR,2
TA9AG-REV,4
PFFIZZAIRHS16OPW,2
WMFIZZAIRHS16-OPW,3
AVRPMAD48WGL,2
RIVSPRINTHS6BLK,6
BRIZ42BRN,4
AURA56IVYDLX,4
JURA48BBR,4
AURPMAD48ONX,2
CAL48BBHG,4
CAL48GGBB,4
CAL48IVY,4
HSDCPRM48BBR,4
HBPLUS48OPW,4
RIVSTL48BNC,4
AURPMAD48BSC,4
S-CLASSIC COOLER MOTOR,4
RAD48PIVY,2
AURA36IVYDLX,4
RAD48WGL,2
RAD48CRBN,2
AURPMAD48LGL,2
CAL48BRN,4
AURPMAD48MLB,2
HB56OPW,4
HB48BRN,4
STB24SWT,2
AMR48HMG,2
JURA56BBR,4
JURA48PIVY,4
DVN48SWT,2
RIV56BRN,4
MTBZ36OPW,4
PFBRISSAHS16OPW,2
AURPMAD24ONX,4
AURPMAD36CHK,2
AURPMAD36ONX,2
AVRPMAD48LGB,2
BRIZ42IVY,4
DVN48IBL,2
PFSTRM2-18BLK,2
WMSTRM2-18BLK,2
MOUNTAIR6AGSF,20
MOUNTAIR6BRN,20
JURA36PSWT,4
SEN48OPW,4
DANEW48BRN,4
HSDCPRM48LAV,4
JURA36BBR,4
AMR48OPW,2
S-WINDSTAR FARATTA MOTOR,4
HSDPLUS48IVY,4
RAD48IBL,2
TWL48SWT,2
WMWINDFLO16OPW,3
WMWINDFLO12OPW,3
PFWINDFLO16OPW,2
PFSDX16BLKGLD,1
WMHIFLO16OPW,3
PFMINISAPPY16OPW,1
BRISKAIRPLUS6BLK,8
BRISKAIRPLUS6WHT,8
BRISKAIRPLUS8WHT,8
DANEW48IVY,4
HSDCPRM36GGD,4
IMP48VGD,4
NEOSTARFARRATA20,1
WMSDX16BLKGLD-2U,2
AVM48SWT,4
AMR48LAV,4
HSPLUS1200BRN-BLD,4
ALBRIZ48IVY,4
SUPERBRIZDEC48BKWT,4
SUPERBRIZDEC48SLWT,4
SUPERBRIZDEC48SMBR,4
HS48HGD,4
STAR22048WHT,4
STAR22048WHT,4
STAR22048brn,4
STAR22048ivy,4
AVM48LGD,4
AURAPRM48CPR,4
BRIZDEC48BRNN,4
AC450PED-1,1
AC600PED-1,1
AC450WALL-1,1
AC600WALL-1,1
AC750WALL-1,1
BRISKAIR10BLK,6
PFHIFLO16LG,3
PFHIFLOWAVE16WHT,3
WMHIFLO16LG,3
WMHIFLO18LG,3
ARYBRZ48BRN,4
ARYBRZ48OPW,4
BRISKAIR6WHT,6
BRISKAIR8WHT,6
BRISKAIRPLUS6IVY,8
BUZZEE8-24V,6
ASTDC48OPW,4
RIVSS48BRN,4
RIVSS48OPW,4
BUZZEE8-12V,6
REVA450-4-1,1
ASWH810-IVY,1
S-BRIZAIR 1200 MOTOR OPW - WOR+ACCESS,4
S-BRIZAIR 1200 MOTOR BRN- WOR + ACCESS,4
S-BRIZAIR 1200 BLADE SET BRN,4
S-BRIZAIR 1200 BLADE SET OPW,4
ARYBRZ48IVY,4
ARYBRZ48LBN,4
AURPMAD48LVSL,4
BRISKAIRPLUS8IVY,8
BRISKAIR8HSBRN,8
BRISKAIR8HSBLKN,8
DIGNITAAD48CRML,4
DIGNITAAD48RSBY,4
DIGNITAAD48SONX,4
SPLITZ48SWT,4
SPLITZ48MIV,4
SPLITZ48SWT,4
