Material,Material description,Unrestricted,Storage Location,Plant,Value Unrestricted,Base Unit of Measure,DF stor. loc. level,Currency,Transit and Transfer,Val. in Trans./Tfr,In Quality Insp.,Value in QualInsp.,Restricted-Use Stock,Value Restricted,Blocked,Value BlockedStock,Returns,Value Rets Blocked
500MMCKM-MARKI,500MM COOLER FAN,472,2000,W001,498432,NOS,,INR,0,0,0,0,0,0,0,0,0,0
AC450PED-1,"18""PEDESTAL -SINGLE PHASE",5,2000,W001,13635,NOS,,INR,0,0,0,0,0,0,0,0,0,0
ACGBBTT-PS160,"12V,160AH POWER PLUS TALLTUBULAR BATTERY",5,2000,W001,35845,NOS,,INR,0,0,0,0,0,0,0,0,0,0
ACGBBTT-PS180,"12V,180AH POWER PLUS TALLTUBULAR BATTERY",5,2000,W001,38500,NOS,,INR,0,0,0,0,0,0,0,0,0,0
ACGEI-ED PLUS,"CG-ED PLUS,750W,AUTOMATIC DRY IRON",3840,2000,W001,828045,NOS,,INR,0,0,0,0,0,0,0,0,0,0
ACGEI-HDC,"CG-HDC,1100W,AUTOMATIC DRY IRON",960,2000,W001,260000,NOS,,INR,0,0,0,0,0,0,0,0,0,0
ACGEI-LD PLUS,"CG-LD PLUS,1000W, AUTOMATIC DRY IRON",1848,2000,W001,399353,NOS,,INR,0,0,0,0,0,0,0,0,0,0
ACGEI-PD PLUS,"DRY IRON,1000W,ORANGE/WHT,PD PLUS",2508,2000,W001,617971,NOS,,INR,0,0,0,0,0,0,0,0,0,0
ACGEI-RD,"750W, AUTOMATIC DRY ELECTRIC IRON(CG-RD)",6396,2000,W001,1283038,NOS,,INR,0,0,0,0,0,0,0,0,0,0
ACGEI-SD,"CG-SD, 750W,AUTOMATIC DRY IRON",10,2000,W001,2006,NOS,,INR,0,0,0,0,0,0,0,0,0,0
ACGHU800SW,"800VA, PURE SINE WAVE  UPS",3,2000,W001,8160,NOS,,INR,0,0,0,0,0,0,0,0,0,0
ACGIC-CREST,"INDUCTION COOKTOP,1500W,CREST",94,2000,W001,83660,NOS,,INR,0,0,0,0,0,0,0,0,0,0
ACGIC-SMARTPLUS,"PORTABLE INDUCTION COOKTOP,SMART P,2000W",0,2000,W001,0,NOS,,INR,0,0,498,612540,0,0,0,0,0,0
ACGIH-IHL102,"IMMERSION WATER HEATER,1000W,IND LIGHT",5860,2000,W001,1037220,NOS,,INR,0,0,0,0,0,0,0,0,0,0
ACGIH-IHL152,"IMMERSION WATER HEATER,1500W,IND LIGHT",1920,2000,W001,366720,NOS,,INR,0,0,0,0,0,0,0,0,0,0
ACGM-DS51,"CG-DS51, 500 W,3 JAR MIXER GRINDER",656,2000,W001,654688,NOS,,INR,0,0,0,0,0,0,0,0,0,0
ACGM-DS53,"500W, 3 JAR MIXER GRINDER, PROTON",760,2000,W001,812971,NOS,,INR,0,0,0,0,0,0,0,0,0,0
ACGM-DXT PLUS,"CG-DXT PLUS,750W,4 JAR,MIXER GRINDER",314,2000,W001,532230,NOS,,INR,0,0,0,0,0,0,0,0,0,0
ACGM-FROSTY LITE,"FROSTY LITE,650W,3 JAR,MIXER GRINDER",24,2000,W001,32736,NOS,,INR,0,0,0,0,0,0,0,0,0,0
ACGM-MANGO LITE,"MANGO LITE,750W,3 JAR, MIXER GRINDER",28,2000,W001,40908,NOS,,INR,0,0,0,0,0,0,0,0,0,0
ACGM-SIERRA 600,"SIERRA,600W,3 JAR MIXER GRINDER",4,2000,W001,4768,NOS,,INR,0,0,0,0,0,0,0,0,0,0
ACGM-TD71,"CG-TD71,750 W,3 JAR,MIXER GRINDER",612,2000,W001,859860,NOS,,INR,0,0,0,0,0,0,0,0,0,0
ACGM-VX,"CG-VX, 600W, 3 JAR,MIXER GRINDER",388,2000,W001,472584,NOS,,INR,0,0,0,0,0,0,0,0,0,0
ACGSI-ARISTO,"STEAM IRON,1200W,STEAM/SPRAY,ARISTO",96,2000,W001,41338,NOS,,INR,0,0,0,0,0,0,0,0,0,0
ACGVS-100VAC,VOLTAGE STABILIZER 100V-1.5TAC,0,2000,W001,0,NOS,,INR,0,0,145,430650,0,0,0,0,0,0
ACGVS-150VAC,VOLTAGE STABILIZER 150V -1.5TAC,360,2000,W001,396000,NOS,,INR,0,0,0,0,0,0,0,0,0,0
ACGVS-170VAC,VOLTAGE STABILIZER 170V -1.5TAC,360,2000,W001,293760,NOS,,INR,0,0,0,0,0,0,0,0,0,0
AIWH01BLISS(3KW),"IWH BLISS (3KW)-WHT, CL 1, 6.5 BAR, 1 LT",932,2000,W001,995376,NOS,,INR,0,0,0,0,0,0,0,0,0,0
AIWH01P(3KW)-IVY,INSTANT GEYSER SOLARIUM (3 KW)-IVORY,6,2000,W001,6425,NOS,,INR,0,0,0,0,0,0,0,0,0,0
AIWH01PC1(3KW)-IVY,"IWH SOL (3KW)-IVY,CL I, 6.5 BAR, 1 LTR",258,2000,W001,263160,NOS,,INR,0,0,0,0,0,0,0,0,0,0
AIWH03BLISS(3KW),"IWH BLISS (3KW)-WHT, CL 1, 6.5 BAR, 3 LT",776,2000,W001,990176,NOS,,INR,0,0,0,0,0,0,0,0,0,0
ALBRIZ48BRN,ALPHABRIZ 1200MM BROWN CF WOR,92,2000,W001,57316,NOS,,INR,0,0,0,0,0,0,0,0,0,0
ALBRIZ48IVY,ALPHABRIZ 1200MM IVORY CF WOR,592,2000,W001,368816,NOS,,INR,0,0,0,0,0,0,0,0,0,0
AMR48OPW,AMOUR 1200MM CF OPAL WHT,2,2000,W001,1995,NOS,,INR,0,0,0,0,0,0,0,0,0,0
ARYBRZ48BRN,ARIYABRIZ 1.2M BROWN CF,94,2000,W001,33574,NOS,,INR,0,0,0,0,0,0,0,0,0,0
ARYBRZ48LBN,ARIYABRIZ 1.2M LUSTER BROWN CF,820,2000,W001,660666,NOS,,INR,0,0,0,0,0,0,0,0,0,0
ARYBRZ48OPW,ARIYABRIZ 1.2M OPAL WHT CF,576,2000,W001,333612,NOS,,INR,0,0,0,0,0,0,0,0,0,0
AST48BRN,ASSET50 1.2M BROWN 3B,4,2000,W001,3322,NOS,,INR,0,0,0,0,0,0,0,0,0,0
ASWH1010-WHTGRYSIL,"SWH 10LTR(1010),MAGNA,V MTG, WHT GRY SVR",74,2000,W001,198690,NOS,,INR,0,0,0,0,0,0,0,0,0,0
ASWH1015-WHTGRYSIL,"SWH 15LTR (1015),MAGNA,V MTG,WHT GRY SVR",67,2000,W001,203077,NOS,,INR,0,0,0,0,0,0,0,0,0,0
ASWH1310-WHT/BLU,"SWH 10L,SOL AURA,VERT MTG, WHT/BLU",342,2000,W001,883728,NOS,,INR,0,0,0,0,0,0,0,0,0,0
ASWH1315-WHT/BLU,"SWH 15L,SOL AURA,VERT MTG, WHT/BLU",6,2000,W001,16740,NOS,,INR,0,0,0,0,0,0,0,0,0,0
ASWH1325-WHT/BLU,"SWH 25L,SOL AURA,VERT MTG, WHT/BLU",29,2000,W001,93380,NOS,,INR,0,0,0,0,0,0,0,0,0,0
ASWH1410-WHT/BRW,"SWH 10L ARNO DLX,VERT MTG, WHT/GRY",197,2000,W001,474967,NOS,,INR,0,0,0,0,0,0,0,0,0,0
ASWH1415-WHT/BRW,"SWH 15L ARNO DLX,VERT MTG, WHT/GRY",26,2000,W001,70486,NOS,,INR,0,0,0,0,0,0,0,0,0,0
ASWH1425-WHT/BRW,"SWH 25L ARNO DLX,VERT MTG, WHT/GRY",15,2000,W001,47010,NOS,,INR,0,0,0,0,0,0,0,0,0,0
ASWH1515-WHT/BRW,"SWH 15L,ARNO POWER, VERT MTG, WHT/GRY",166,2000,W001,386116,NOS,,INR,0,0,0,0,0,0,0,0,0,0
ASWH1525-WHT/BRW,"SWH 25L, ARNO POWER, VERT MTG, WHT/GRY",286,2000,W001,745030,NOS,,INR,0,0,0,0,0,0,0,0,0,0
ASWH606A-IVY,"SWH06 LT (606) Arno, V MTG, IVY",170,2000,W001,322320,NOS,,INR,0,0,0,0,0,0,0,0,0,0
ASWH610A-IVY,"SWH10 LT (610) Arno, V MTG, IVY",220,2000,W001,459360,NOS,,INR,0,0,0,0,0,0,0,0,0,0
ASWH615A-IVY,"SWH15 LT (615) Arno, V MTG, IVY",13,2000,W001,31811,NOS,,INR,0,0,0,0,0,0,0,0,0,0
ASWH615HZ-IVY,"SWH 15LT (615) ARNO HZ / FLR, IVY",37,2000,W001,96533,NOS,,INR,0,0,0,0,0,0,0,0,0,0
ASWH625A-IVY,"SWH25 LT (625) Arno, V MTG, IVY",12,2000,W001,33012,NOS,,INR,0,0,0,0,0,0,0,0,0,0
ASWH625HZ-IVY,"SWH 25LT (625) ARNO HZ / FLR, IVY",287,2000,W001,838327,NOS,,INR,0,0,0,0,0,0,0,0,0,0
ASWH806-IVY,"SWH06 LT (806) Solarium Dlx, V MTG, IVY",72,2000,W001,155808,NOS,,INR,0,0,0,0,0,0,0,0,0,0
ASWH810-IVY,"SWH10 LT (810) Solarium Dlx, V MTG, IVY",529,2000,W001,1256904,NOS,,INR,0,0,0,0,0,0,0,0,0,0
ASWH815-IVY,"SWH15 LT (815) Solarium Dlx, V MTG, IVY",109,2000,W001,288196,NOS,,INR,0,0,0,0,0,0,0,0,0,0
ASWH825-IVY,"SWH25 LT (825) Solarium Dlx, V MTG, IVY",143,2000,W001,442156,NOS,,INR,0,0,0,0,0,0,0,0,0,0
AURA36IVYDLX,AURA 0.9M IVORY DELUXE 3B RR,4,2000,W001,3452,NOS,,INR,0,0,0,0,0,0,0,0,0,0
AURA48BIGDLX,"AURA 48"" BEIGE DELUXE",8,2000,W001,8767,NOS,,INR,0,0,0,0,0,0,0,0,0,0
AURA48BRNDLX,AURA 1.2M BROWN DELUXE FAN,696,2000,W001,442115,NOS,,INR,0,0,0,0,0,0,0,0,0,0
AURA48IVYDLX,AURA 1.2 M IVORY DELUXE,3360,2000,W001,2636840,NOS,,INR,0,0,0,0,0,0,0,0,0,0
AURA56IVYDLX,AURA 1.4M IVY DELUXE 3B,4,2000,W001,4041,NOS,,INR,0,0,0,0,0,0,0,0,0,0
AURAPRM48HMG,DNU-AURA PREMIUM 1.2M HIMALAYA GREY,12,2000,W001,11608,NOS,,INR,0,0,0,0,0,0,0,0,0,0
AURPMAD24CHK,AURA PRIME ANTI DUST 600MM CHICORY,2,2000,W001,2099,NOS,,INR,0,0,0,0,0,0,0,0,0,0
AURPMAD48BKE,AURA PRIME ANTI DUST 1.2M BIRKEN EFFECT,8088,2000,W001,8424825,NOS,,INR,0,0,0,0,0,0,0,0,0,0
AURPMAD48DBN,AURA PRIME ANTI DUST 1.2M DUSKY BRN,800,2000,W001,817432,NOS,,INR,0,0,0,0,0,0,0,0,0,0
AURPMAD48ONX,AURA PRIME ANTI DUST 1.2M ONIX,1328,2000,W001,1388555,NOS,,INR,0,0,0,0,0,0,0,0,0,0
AURPMAD48TTE,AURA PRIME ANTI DUST 1.2M TITANIU EFFECT,256,2000,W001,245653,NOS,,INR,0,0,0,0,0,0,0,0,0,0
AVM48LGD,AVAMOUR  1.2M LUSTURE GOLD CF,4,2000,W001,4281,NOS,,INR,0,0,0,0,0,0,0,0,0,0
AVR48SWT,AVANCER 1.2M SILVER WHT 3B,534,2000,W001,420853,NOS,,INR,0,0,0,0,0,0,0,0,0,0
AVRES48BBR-RFRM,AVANCER ESENSE 1.2M BBR RF REMOTE,12,2000,W001,27909,NOS,,INR,0,0,0,0,0,0,0,0,0,0
AVRES48NWT-RFRM,AVANCER ESENSE 1.2M NEW WHT RF REMOTE,2,2000,W001,4412,NOS,,INR,0,0,0,0,0,0,0,0,0,0
AVRES48ONX-RFRM,AVANCER ESENSE 1.2M ONIX RF REMOTE,16,2000,W001,34799,NOS,,INR,0,0,0,0,0,0,0,0,0,0
AVRPMAD48BBR,AVANCER PRIME ANTI DUST 1.2M BAKERS BRN,2702,2000,W001,2817634,NOS,,INR,0,0,0,0,0,0,0,0,0,0
AVRPMAD48COCO,AVANCER PRIME ANTI DUST 1.2M COCOA GOLD,16,2000,W001,17348,NOS,,INR,0,0,0,0,0,0,0,0,0,0
AVRPMAD48IBL,AVANCER PRIME ANT DUST 1.2M INDIGO BLUE,46,2000,W001,45860,NOS,,INR,0,0,0,0,0,0,0,0,0,0
AVRPRIME48NWD,AVANCER PRIME 1.2MM NATURAL WOOD,272,2000,W001,282360,NOS,,INR,0,0,0,0,0,0,0,0,0,0
AXIALAIR4WHT,"AXIAL AIR 100 MM (4"") FAN WHITE",40,2000,W001,12680,NOS,,INR,0,0,0,0,0,0,0,0,0,0
AXIALAIR6IVY,"AXIAL AIR 150 MM (6"") FAN IVY",200,2000,W001,72800,NOS,,INR,0,0,0,0,0,0,0,0,0,0
AXIALAIR6WHTN,"AXIAL AIR 150 MM (6"") FAN WHITE",440,2000,W001,160160,NOS,,INR,0,0,0,0,0,0,0,0,0,0
BRISKAIR10WHT,"BRISK AIR 250 MM (10"") FAN WHITE",62,2000,W001,28880,NOS,,INR,0,0,0,0,0,0,0,0,0,0
BRISKAIR6HSWHTN,"BRISK AIR HIGH SPEED 150 MM (6"") FAN WHT",16,2000,W001,8224,NOS,,INR,0,0,0,0,0,0,0,0,0,0
BRISKAIR6WHT,"BRISK AIR 150 MM (6"") FAN WHITE",144,2000,W001,54247,NOS,,INR,0,0,0,0,0,0,0,0,0,0
BRISKAIR8HSWHTN,"BRISK AIR HIGH SPEED 200 MM (8"") FAN WHT",8,2000,W001,4616,NOS,,INR,0,0,0,0,0,0,0,0,0,0
BRISKAIR8WHT,"BRISK AIR 200 MM (8"") FAN WHITE",663,2000,W001,276616,NOS,,INR,0,0,0,0,0,0,0,0,0,0
BRISKAIRPLUS6BLK,"BRISK AIR PLUS 6"" BLACK VENTILATING FAN",96,2000,W001,42240,NOS,,INR,0,0,0,0,0,0,0,0,0,0
BRISKAIRPLUS6WHT,"BRISK AIR PLUS 6"" WHITE VENTILATING FAN",3432,2000,W001,1510080,NOS,,INR,0,0,0,0,0,0,0,0,0,0
BRISKAIRPLUS8BRN,"BRISK AIR PLUS 8"" BROWN VENTILATING FAN",120,2000,W001,57120,NOS,,INR,0,0,0,0,0,0,0,0,0,0
BRISKAIRPLUS8IVY,"BRISK AIR PLUS 8"" IVORY VENTILATING FAN",24,2000,W001,11424,NOS,,INR,0,0,0,0,0,0,0,0,0,0
BRISKAIRPLUS8WHT,"BRISK AIR PLUS 8"" WHITE VENTILATING FAN",1416,2000,W001,674016,NOS,,INR,0,0,0,0,0,0,0,0,0,0
BRIZ24BRN,BRIZAIR 600MM CF BROWN W/O REG,42,2000,W001,27888,NOS,,INR,0,0,0,0,0,0,0,0,0,0
BRIZ24OPW,BRIZAIR 600MM OPAL WHT- WOR,540,2000,W001,358560,NOS,,INR,0,0,0,0,0,0,0,0,0,0
BRIZ36BRN,BRIZAIR 900MM CF BROWN W/O REG,648,2000,W001,417312,NOS,,INR,0,0,0,0,0,0,0,0,0,0
BRIZ36IVY,BRIZAIR 900MM CF IVORY W/O REG,16,2000,W001,10304,NOS,,INR,0,0,0,0,0,0,0,0,0,0
BRIZ42BRN,BRIZAIR 1050MM CF BROWN W/O REG,4,2000,W001,2628,NOS,,INR,0,0,0,0,0,0,0,0,0,0
BRIZ42OPW,BRIZAIR 1050MM OPAL WHT - WOR,16,2000,W001,10512,NOS,,INR,0,0,0,0,0,0,0,0,0,0
BRIZ48BRN,BRIZAIR 1200 BRN W/O REG CF,40,2000,W001,26720,NOS,,INR,0,0,0,0,0,0,0,0,0,0
BRIZ48IVY,BRIZAIR 1200MM IVY CF W/O REG,40,2000,W001,26720,NOS,,INR,0,0,0,0,0,0,0,0,0,0
BRIZ48OPW,BRIZAIR 1200MM OPAL WHT - WOR,188,2000,W001,125584,NOS,,INR,0,0,0,0,0,0,0,0,0,0
BRIZDEC48BRNN,BRIZAIR DECO 1200MM BRN CF W/O REG,36,2000,W001,25128,NOS,,INR,0,0,0,0,0,0,0,0,0,0
BRIZDEC48OPW,BRIZAIR DECO 1200MM OPAL WHT CF W/O REG,48,2000,W001,33504,NOS,,INR,0,0,0,0,0,0,0,0,0,0
BUZZEE8-24V,BUZZEE 200MM BUS FAN 24V DC,156,2000,W001,146435,NOS,,INR,0,0,0,0,0,0,0,0,0,0
CB24IVY,COOL BREEZE 600MM CF IVORY WOR,552,2000,W001,373704,NOS,,INR,0,0,0,0,0,0,0,0,0,0
CB24LB,COOL BREEZE 600MM CF LUSTRE BROWN WOR,1556,2000,W001,1053412,NOS,,INR,0,0,0,0,0,0,0,0,0,0
CB24OPW,COOL BREEZE 600MM OPALWHT -WOR,1912,2000,W001,1294424,NOS,,INR,0,0,0,0,0,0,0,0,0,0
CB36LB,COOL BREEZE 900MM LUSTRE BRN WOR,256,2000,W001,158746,NOS,,INR,0,0,0,0,0,0,0,0,0,0
CB36OPW,COOL BREEZE 900MM OPALWHT -WOR,120,2000,W001,78240,NOS,,INR,0,0,0,0,0,0,0,0,0,0
CB42OPW,COOL BREEZE 1050MM OPALWHT -WOR,296,2000,W001,189409,NOS,,INR,0,0,0,0,0,0,0,0,0,0
CB48IVY,COOL BREEZE 1200MM IVORY,2010,2000,W001,1326513,NOS,,INR,0,0,0,0,0,0,0,0,0,0
CB48LB,COOL BREEZE 1200MM LUSTRE BROWN W/O REG,2360,2000,W001,1516224,NOS,,INR,0,0,0,0,0,0,0,0,0,0
CB48OPW,COOL BREEZE 1200MM OPALWHT -WOR,2544,2000,W001,1680893,NOS,,INR,0,0,0,0,0,0,0,0,0,0
CB56LB,COOL BREEZE 1400MM LUSTRE BRN WOR,76,2000,W001,64409,NOS,,INR,0,0,0,0,0,0,0,0,0,0
CB56OPW,COOL BREEZE 1400MM OPALWHT -WOR,8,2000,W001,5792,NOS,,INR,0,0,0,0,0,0,0,0,0,0
CBDECO48IVY,COOL BREEZE DECO 1.2M IVY WOR,68,2000,W001,46357,NOS,,INR,0,0,0,0,0,0,0,0,0,0
DIGNITAAD48CRML,DIGNITA ANTI DUST 1200MM CARAMEL,44,2000,W001,47274,NOS,,INR,0,0,0,0,0,0,0,0,0,0
DIGNITAAD48SONX,DIGNITA ANTI DUST 1200MM SNOW ONYX,44,2000,W001,47027,NOS,,INR,0,0,0,0,0,0,0,0,0,0
DRIFTAIRHS9OPW,DRIFTAIR HI SPEED 225MM MET BLD & GUARD,28,2000,W001,16996,NOS,,INR,0,0,0,0,0,0,0,0,0,0
DRIFTAIRPLUS12OPW,DRIFTAIR PLUS 300MM MET BLD & GUARD,1060,2000,W001,694300,NOS,,INR,0,0,0,0,0,0,0,0,0,0
DRIFTAIRPLUS6OPW,DRIFTAIR PLUS 150MM MET BLD & GUARD,6,2000,W001,3006,NOS,,INR,0,0,0,0,0,0,0,0,0,0
DRIFTAIRPLUS9OPW,DRIFTAIR PLUS 225MM MET BLD & GUARD,1772,2000,W001,944476,NOS,,INR,0,0,0,0,0,0,0,0,0,0
DVN48IBL,DEVINE 1200MM INDIGO BLUE,2,2000,W001,1964,NOS,,INR,0,0,0,0,0,0,0,0,0,0
DVN48SWT,DEVINE 1200MM SLIVER WHITE,54,2000,W001,45144,NOS,,INR,0,0,0,0,0,0,0,0,0,0
ENT48BNC,ENTRUST50 1.2M BIANCO 3B,4,2000,W001,3212,NOS,,INR,0,0,0,0,0,0,0,0,0,0
ENT48BRN,ENTRUST50 1.2M BROWN 3B,76,2000,W001,67393,NOS,,INR,0,0,0,0,0,0,0,0,0,0
ENT48OPW,ENTRUST50 1.2M OPAL WHT 3B,120,2000,W001,107884,NOS,,INR,0,0,0,0,0,0,0,0,0,0
ESAV48OPW-REM,"ESAVE50 CF 1200MM OPAL WHT,REMOTE REG",60,2000,W001,125465,NOS,,INR,0,0,0,0,0,0,0,0,0,0
EXHD300-4-1,300/4/1 EXHAUST FAN,863,2000,W001,1045093,NOS,,INR,0,0,0,0,0,0,0,0,0,0
EXHD380-4-1,EXHAUST FAN 380-4-1,694,2000,W001,1088886,NOS,,INR,0,0,0,0,0,0,0,0,0,0
EXHD380-4-3,380/4/3 EXHAUST FAN,1,2000,W001,1408,NOS,,INR,0,0,0,0,0,0,0,0,0,0
EXHD380-6-1,380/6/1 EXHAUST FAN,6,2000,W001,8371,NOS,,INR,0,0,0,0,0,0,0,0,0,0
EXHD450-4-1,450/4/1 EXHAUST FAN,638,2000,W001,1414446,NOS,,INR,0,0,0,0,0,0,0,0,0,0
EXHD450-4-3,450/4/3 EXHAUST FAN,20,2000,W001,46160,NOS,,INR,0,0,0,0,0,0,0,0,0,0
EXHD450-6-1,450/6/1 EXHAUST FAN,1,2000,W001,2070,NOS,,INR,0,0,0,0,0,0,0,0,0,0
EXHD600-6-3,600/6/3 EXHAUST FAN,6,2000,W001,24372,NOS,,INR,0,0,0,0,0,0,0,0,0,0
FLUXAIR9OPW,FLUX AIR 225MM MET BLD & PL. GUARD,264,2000,W001,136488,NOS,,INR,0,0,0,0,0,0,0,0,0,0
FLY48EMBER,FLYLEAF 1200MM EMBER - WOR,146,2000,W001,160746,NOS,,INR,0,0,0,0,0,0,0,0,0,0
FLY48SWT,FLYLEAF 1200MM SILVER WHT - WOR,102,2000,W001,103020,NOS,,INR,0,0,0,0,0,0,0,0,0,0
HLB48BRN,HILL BRIZ 1200MM BROWN WOR CF,420,2000,W001,268800,NOS,,INR,0,0,0,0,0,0,0,0,0,0
HLB48IVY,HILL BRIZ 1200MM IVORY WOR CF,16,2000,W001,10240,NOS,,INR,0,0,0,0,0,0,0,0,0,0
HLB48OPW,HILL BRIZ 1200MM OPAL WHT WOR CF,4,2000,W001,2560,NOS,,INR,0,0,0,0,0,0,0,0,0,0
HS24BRN,HIGH SPEED 600 MM BR0WN 4B 220MM,20,2000,W001,14798,NOS,,INR,0,0,0,0,0,0,0,0,0,0
HS36BRN,HIGH SPEED 900 MM BRN 3B,1580,2000,W001,764047,NOS,,INR,0,0,0,0,0,0,0,0,0,0
HS36IVY,HIGH SPEED 900 MM IVY 3B RES,16,2000,W001,12456,NOS,,INR,0,0,0,0,0,0,0,0,0,0
HS36OPW,HIGH SPEED 900MM CF OPAL WHT,24,2000,W001,8241,NOS,,INR,0,0,0,0,0,0,0,0,0,0
HS42BRN,HIGH SPEED 1050MM BRN 3B,192,2000,W001,92797,NOS,,INR,0,0,0,0,0,0,0,0,0,0
HS42IVY,"HIGH SPEED 1.05M IVY 3B,",148,2000,W001,101154,NOS,,INR,0,0,0,0,0,0,0,0,0,0
HS42OPW,HIGH SPEED 1050MM CF OPAL WHT,24,2000,W001,9744,NOS,,INR,0,0,0,0,0,0,0,0,0,0
HS48BRN,HS 1200 BROWN,5832,2000,W001,3489033,NOS,,INR,0,0,0,0,0,0,0,0,0,0
HS48BRN-I,HS 1200 BROWN - I,24,2000,W001,16742,NOS,,INR,0,0,0,0,0,0,0,0,0,0
HS48IVY,HS 1200 MM IVY 3B,588,2000,W001,470065,NOS,,INR,0,0,0,0,0,0,0,0,0,0
HS48OPW,HIGH SPEED 1.2M OPAL WHT,4,2000,W001,3154,NOS,,INR,0,0,0,0,0,0,0,0,0,0
HS48OPW-I,HS 1200MM OPAL WHT,76,2000,W001,56407,NOS,,INR,0,0,0,0,0,0,0,0,0,0
HS56BRN,HIGH SPEED 1400 MM BRN 3B,232,2000,W001,194521,NOS,,INR,0,0,0,0,0,0,0,0,0,0
HS56IVY,HIGH SPEED 1.4M IVY 3B,24,2000,W001,20731,NOS,,INR,0,0,0,0,0,0,0,0,0,0
HS56OPW,HIGH SPEED 1400MM CF OPAL WHT,316,2000,W001,273938,NOS,,INR,0,0,0,0,0,0,0,0,0,0
HSDCPRM48AGD,HIGH SPEED DECORA PRM 1.2M AQUA GL,264,2000,W001,235603,NOS,,INR,0,0,0,0,0,0,0,0,0,0
HSDCPRM48GGD,HIGH SPEED DECOR PRM 1.2M GINGER GLD,168,2000,W001,154931,NOS,,INR,0,0,0,0,0,0,0,0,0,0
HSDCPRM48PEL,HIGH SPEED DECORA PRM 1.2M PEARL,328,2000,W001,277268,NOS,,INR,0,0,0,0,0,0,0,0,0,0
HSDCR48BRN,HIGH SPEED DECORA 1.2M BRN 3B,24,2000,W001,19635,NOS,,INR,0,0,0,0,0,0,0,0,0,0
HSDCR48IVY,HIGH SPEED DECORA 1.2M IVY 3B,196,2000,W001,147107,NOS,,INR,0,0,0,0,0,0,0,0,0,0
HSPLUS48BRN,HIGH SPEED PLUS 1.2M BROWN 3B,300,2000,W001,255664,NOS,,INR,0,0,0,0,0,0,0,0,0,0
HSPLUS48IVY,HIGH SPEED PLUS 1.2M IVY 3B,40,2000,W001,32285,NOS,,INR,0,0,0,0,0,0,0,0,0,0
HSPLUS48OPW,HIGH SPEED PLUS 1.2M OPALWHT 3B,36,2000,W001,31322,NOS,,INR,0,0,0,0,0,0,0,0,0,0
JUPITER48BRASS,JUPITER1200 BRASS 5 BLADE,53,2000,W001,172727,NOS,,INR,0,0,165,537735,0,0,0,0,0,0
JURA48AMB,JURA 1200MM AMBER 3B EG,48,2000,W001,46528,NOS,,INR,0,0,0,0,0,0,0,0,0,0
JURA48OPW,JURA 1.2M OPAL WHT 3B,16,2000,W001,16582,NOS,,INR,0,0,0,0,0,0,0,0,0,0
JURA48PIVY,JURA 1.2M PEARL IVORY 3B,20,2000,W001,19944,NOS,,INR,0,0,0,0,0,0,0,0,0,0
KAN52ACR,KANNON 1300MM ANTQ COPPER WOR CF,4,2000,W001,9680,NOS,,INR,0,0,0,0,0,0,0,0,0,0
KAN52BST,KANNON 1300MM BRUSHED STEEL WOR CF,2,2000,W001,4840,NOS,,INR,0,0,0,0,0,0,0,0,0,0
KAN52GMT,KANNON 1300MM GUM METAL WOR CF,18,2000,W001,53707,NOS,,INR,0,0,0,0,0,0,0,0,0,0
KAN52RBN,KANNON 1300MM ROAST BROWN WOR CF,6,2000,W001,11280,NOS,,INR,0,0,0,0,0,0,0,0,0,0
KAN52SPW,KANNON 1300MM SUPER WHT WOR CF,24,2000,W001,45120,NOS,,INR,0,0,0,0,0,0,0,0,0,0
LUSTER52PSWT,LUSTER 1300MM PEARL SLV ONE DOME U/L CF,32,2000,W001,120416,NOS,,INR,0,0,0,0,0,0,0,0,0,0
LUSTER52RBN,LUSTER 1300MM ROAST BRN ONE DOME U/L CF,78,2000,W001,293514,NOS,,INR,0,0,0,0,0,0,0,0,0,0
MOUNTAIR6IVY,MOUNTAIR 150MM IVORY DOMESTIC EXHAUST,380,2000,W001,205960,NOS,,INR,0,0,0,0,0,0,0,0,0,0
MOUNTAIR6WHT,MOUNTAIR 150MM WHITE DOMESTIC EXHAUST,340,2000,W001,184280,NOS,,INR,0,0,0,0,0,0,0,0,0,0
MTBZ48BRN,MOUNT BREEZE 1200MM BROWN - WOR,4,2000,W001,2992,NOS,,INR,0,0,0,0,0,0,0,0,0,0
NEOBRZ48BRN,NEO BREEZE 1200MM BROWN W/O REG,200,2000,W001,130400,NOS,,INR,0,0,0,0,0,0,0,0,0,0
NEOBRZ48IVY,NEO BREEZE 1200MM  IVORY W/O REG,36,2000,W001,23472,NOS,,INR,0,0,0,0,0,0,0,0,0,0
NEOBRZ48OPW,NEO BREEZE 1200MM  OPAL WHT W/O REG,1040,2000,W001,678080,NOS,,INR,0,0,0,0,0,0,0,0,0,0
NEOBRZDEC48IVY,NEO BREEZE DECO 1200MM IVY - WOR,12,2000,W001,8016,NOS,,INR,0,0,0,0,0,0,0,0,0,0
NEOBRZDEC48OPW,NEO BREEZE DECO 1200MM OPW - WOR,4,2000,W001,2672,NOS,,INR,0,0,0,0,0,0,0,0,0,0
NEOSTARFARRATA20,"20"" NEOSTAR FARRATA FAN",640,2000,W001,1066240,NOS,,INR,0,0,0,0,0,0,0,0,0,0
PAVAN48IVY,PAVAN 1200MM IVORY W/O REG,64,2000,W001,41728,NOS,,INR,0,0,0,0,0,0,0,0,0,0
PAVAN48LB,PAVAN 1200MM  LUSTRE BROWN W/O REG,1212,2000,W001,758849,NOS,,INR,0,0,0,0,0,0,0,0,0,0
PAVAN48OPW,PAVAN 1200MM  OPAL WHITE W/O REG,96,2000,W001,60643,NOS,,INR,0,0,0,0,0,0,0,0,0,0
PFMINISAPPY16OPW,PF 400MM MINI SAPPY- OPAL WHT - S/U PKG,18,2000,W001,23915,NOS,,INR,0,0,0,0,0,0,0,0,0,0
PFSTRM2-18BLK,"SSTORM2 PEDESTAL FAN - 18""-BLACK",30,2000,W001,55516,NOS,,INR,0,0,0,0,0,0,0,0,0,0
PFWIND16CRMBLK,PF 400 MM WML MF 120 CRM BLK  SU PKG,4,2000,W001,6012,NOS,,INR,0,0,0,0,0,0,0,0,0,0
PVNDEC48OPW,PAVAN DECO 1200MM  OPAL WHITE W/O REG,4,2000,W001,2616,NOS,,INR,0,0,0,0,0,0,0,0,0,0
RIV24ABR,RIVIERA 600MM ANTQ BRASS WOR CF,4,2000,W001,4824,NOS,,INR,0,0,0,0,0,0,0,0,0,0
RIV24ACR,RIVIERA 600MM ANTQ COPPER WOR CF,4,2000,W001,4824,NOS,,INR,0,0,0,0,0,0,0,0,0,0
RIV24OPW,RIVIERA 600MM OPAL WHT WOR CF,64,2000,W001,45312,NOS,,INR,0,0,0,0,0,0,0,0,0,0
RIV36BRN,RIVIERA 900MM BROWN,144,2000,W001,67689,NOS,,INR,0,0,0,0,0,0,0,0,0,0
RIV48BNC,RIVIERA 1200MM BIANCO,260,2000,W001,108192,NOS,,INR,0,0,0,0,0,0,0,0,0,0
RIV48BRN,RIVIERA 1200MM BROWN,996,2000,W001,414240,NOS,,INR,0,0,0,0,0,0,0,0,0,0
RIV48OPW,RIVIERA 1200MM OPAL WHT,4492,2000,W001,1825607,NOS,,INR,0,0,0,0,0,0,0,0,0,0
RIVDASHHS4BRN,"RIVIERA DASH HI SPEED 4""BRN EX.FAN",90,2000,W001,28871,NOS,,INR,0,0,0,0,0,0,0,0,0,0
RIVDASHHS4IVY,"RIVIERA DASH HI SPEED 4""IVY EX.FAN",60,2000,W001,19200,NOS,,INR,0,0,0,0,0,0,0,0,0,0
RIVDASHHS6BRN,"RIVIERA DASH HI SPEED 6""BRN EX.FAN",4,2000,W001,1412,NOS,,INR,0,0,0,0,0,0,0,0,0,0
RIVDASHHS6IVY,"RIVIERA DASH HI SPEED 6""IVY EX.FAN",59,2000,W001,20889,NOS,,INR,0,0,0,0,0,0,0,0,0,0
RIVDASHHS6WHT,"RIVIERA DASH HI SPEED 6""WHT EX.FAN",782,2000,W001,276828,NOS,,INR,0,0,0,0,0,0,0,0,0,0
RIVSPRINTHS4BLK,"RIVIERA SPRINT HI SPEED 4""BLK EX.FAN",6,2000,W001,2196,NOS,,INR,0,0,0,0,0,0,0,0,0,0
RIVSPRINTHS4BRN,"RIVIERA SPRINT HI SPEED 4""BRN EX.FAN",66,2000,W001,24156,NOS,,INR,0,0,0,0,0,0,0,0,0,0
RIVSPRINTHS4IVY,"RIVIERA SPRINT HI SPEED 4""IVY EX.FAN",48,2000,W001,17568,NOS,,INR,0,0,0,0,0,0,0,0,0,0
RIVSPRINTHS4WHT,"RIVIERA SPRINT HI SPEED 4""WHT EX.FAN",6,2000,W001,2198,NOS,,INR,0,0,0,0,0,0,0,0,0,0
RIVSPRINTHS6IVY,"RIVIERA SPRINT HI SPEED 6""IVY EX.FAN",156,2000,W001,62644,NOS,,INR,0,0,0,0,0,0,0,0,0,0
RIVSPRINTHS6WHT,"RIVIERA SPRINT HI SPEED 6""WHT EX.FAN",641,2000,W001,251272,NOS,,INR,0,0,0,0,0,0,0,0,0,0
RIVSS48BRN,RIVIERA SUPER SPEED 1.2M BROWN,3,2000,W001,2513,NOS,,INR,0,0,0,0,0,0,0,0,0,0
RIVSS48OPW,RIVIERA SUPER SPEED 1.2M OPAL WHT,3,2000,W001,2517,NOS,,INR,0,0,0,0,0,0,0,0,0,0
S-102000473,S-CARTON MOTOR 4/U 0.6M HS,8,2001,W001,279,NOS,,INR,0,0,0,0,0,0,0,0,0,0
S-102000522,S-CARTON MOTOR 4/U JURA C. FAN 1200MM,4,2001,W001,170,NOS,,INR,0,0,0,0,0,0,0,0,0,0
S-102001096,S-CARTON 2/U GUARD BLADE ASSY SDX 120 VM,1,2001,W001,54,NOS,,INR,0,0,0,0,0,0,0,0,0,0
S-102001098,S-CARTON 2/U -MOTOR-WALL FAN-COMMON,1,2001,W001,36,NOS,,INR,0,0,0,0,0,0,0,0,0,0
S-102001101,S-CARTON 2/U SEC. RVR  VM TF,5,2001,W001,267,NOS,,INR,0,0,0,0,0,0,0,0,0,0
S-102001224,"S-CARTON BLADE 1/U 1.2M ULTRAA, BROWN",1,2001,W001,11,NOS,,INR,0,0,0,0,0,0,0,0,0,0
S-102001257,S-CARTON MOTOR 1/U TWIRL COLOURED PRINTE,2,2001,W001,57,NOS,,INR,0,0,0,0,0,0,0,0,0,0
S-102001445,"S-MRETAIL CRTN MONO HSPLUS,CALIBER,LERON",2400,2001,W001,117958,NOS,,INR,0,0,0,0,0,0,0,0,0,0
S-102001446,"S-MRETAIL CRTN MONO AUR,AVR PRIME,ESNCE",502,2001,W001,32248,NOS,,INR,0,0,0,0,0,0,0,0,0,0
S-102001488,"S-TAPE SELF ADHESIVE 3"" X 650M CG PRINT",3900000,2001,W001,2184,MM,,INR,0,0,0,0,0,0,0,0,0,0
S-90000113,"S-MOUNT BREEZE DECO 48""WOUND STATOR ASSL",121,2001,W001,27615,NOS,,INR,0,0,0,0,0,0,0,0,0,0
S-90000248,S-ALPHABRIZ 1200MM WOUND STATOR+SHAFT,280,2001,W001,59640,NOS,,INR,0,0,0,0,0,0,0,0,0,0
S-90000259,S-ALPHABRIZ DECO CARTON BOX MOTOR 4/U,15,2001,W001,495,NOS,,INR,0,0,0,0,0,0,0,0,0,0
S-90000260,S-ALPHABRIZ DECO CARTON BOX MOTOR S/U,50,2001,W001,778,NOS,,INR,0,0,0,0,0,0,0,0,0,0
S-90000319,S-BRIZAIR 1200 BLADE SET BRN,54,2001,W001,6480,NOS,,INR,0,0,0,0,0,0,0,0,0,0
S-90000321,S-BRIZAIR 1200 BLADE SET OPW,55,2001,W001,6600,NOS,,INR,0,0,0,0,0,0,0,0,0,0
S-90000325,S-BRIZAIR 1200 CANOPY BRN,48,2001,W001,183,NOS,,INR,0,0,0,0,0,0,0,0,0,0
S-90000327,S-BRIZAIR 1200 CANOPY OPW,48,2001,W001,183,NOS,,INR,0,0,0,0,0,0,0,0,0,0
S-90000333,S-BRIZAIR 1200 MOTOR BRN- WOR + ACCESS,14,2001,W001,6384,NOS,,INR,0,0,0,0,0,0,0,0,0,0
S-90000342,S-BRIZAIR 1400 BLADE SET BRN,24,2001,W001,3199,NOS,,INR,0,0,0,0,0,0,0,0,0,0
S-90000343,S-BRIZAIR 1400 BLADE SET IVORY,13,2001,W001,1733,NOS,,INR,0,0,0,0,0,0,0,0,0,0
S-90000344,S-BRIZAIR 1400 BLADE SET OPAL WHT,24,2001,W001,3199,NOS,,INR,0,0,0,0,0,0,0,0,0,0
S-90000361,S-BRIZAIR 600 MOTOR BRN- WOR + ACCESS,37,2001,W001,16761,NOS,,INR,0,0,0,0,0,0,0,0,0,0
S-90000365,S-BRIZAIR 600MM BLADE SET IVY,3,2001,W001,358,NOS,,INR,0,0,0,0,0,0,0,0,0,0
S-90000366,S-BRIZAIR 600MM BLADE SET OPW,2,2001,W001,238,NOS,,INR,0,0,0,0,0,0,0,0,0,0
S-90000376,S-BRIZAIR 600MM WOUND STATOR WITH SHAFT,132,2001,W001,25737,NOS,,INR,0,0,0,0,0,0,0,0,0,0
S-90000380,S-BRIZAIR 900/1050/1200 BOTTOM E/S -BRN,96,2001,W001,3692,NOS,,INR,0,0,0,0,0,0,0,0,0,0
S-90000391,S-BRIZAIR 900MM BLADE SET IVY,78,2001,W001,9023,NOS,,INR,0,0,0,0,0,0,0,0,0,0
S-90000392,S-BRIZAIR 900MM BLADE SET OPW,68,2001,W001,7866,NOS,,INR,0,0,0,0,0,0,0,0,0,0
S-90000402,S-BRIZAIR 900MM MOTOR OPW - WOR+ACCESS,10,2001,W001,4400,NOS,,INR,0,0,0,0,0,0,0,0,0,0
S-90000407,S-BRIZAIR DECO 1200 BLADE BRN,4,2001,W001,501,NOS,,INR,0,0,0,0,0,0,0,0,0,0
S-90000408,S-BRIZAIR DECO 1200 BLADE IVY,14,2001,W001,1755,NOS,,INR,0,0,0,0,0,0,0,0,0,0
S-90000409,S-BRIZAIR DECO 1200 BLADE OPW,10,2001,W001,1253,NOS,,INR,0,0,0,0,0,0,0,0,0,0
S-90000413,S-BRIZAIR DECO 1200 S/U BLADE CARTON,32,2001,W001,279,NOS,,INR,0,0,0,0,0,0,0,0,0,0
S-90000441,"S-CAPACITOR - JUP, NEPT, NEB, URAN",15,2001,W001,225,NOS,,INR,0,0,0,0,0,0,0,0,0,0
S-90000454,S-CB 1200MM BLADE OPW,8,2001,W001,901,NOS,,INR,0,0,0,0,0,0,0,0,0,0
S-90000456,S-CB 1200MM MOTOR IVY-WOR,4,2001,W001,1612,NOS,,INR,0,0,0,0,0,0,0,0,0,0
S-90000459,S-CB 1200MM MOTOR LUSTER BRN-WOR,68,2001,W001,27404,NOS,,INR,0,0,0,0,0,0,0,0,0,0
S-90000467,S-CB 1400MM BLADE LUSTRE BROWN,4,2001,W001,489,NOS,,INR,0,0,0,0,0,0,0,0,0,0
S-90000494,S-CB 900/1050/1200 MM WND STR WITH SHAFT,773,2001,W001,141954,NOS,,INR,0,0,0,0,0,0,0,0,0,0
S-90000514,"S-CB CARTON BLADE 48"" S/U",37,2001,W001,322,NOS,,INR,0,0,0,0,0,0,0,0,0,0
S-90000515,"S-CB CARTON MOTOR 48"" 4/U",24,2001,W001,744,NOS,,INR,0,0,0,0,0,0,0,0,0,0
S-90000516,"S-CB CARTON MOTOR 48"" S/U",16,2001,W001,241,NOS,,INR,0,0,0,0,0,0,0,0,0,0
S-90000521,S-CB DECO 1200MM MOTOR LST BRN-WOR ACCES,4,2001,W001,1924,NOS,,INR,0,0,0,0,0,0,0,0,0,0
S-90000530,S-CB DECO CARTON BOX 4/U,34,2001,W001,1106,NOS,,INR,0,0,0,0,0,0,0,0,0,0
S-90000531,S-CB DECO CARTON BOX MOTOR S/U,12,2001,W001,181,NOS,,INR,0,0,0,0,0,0,0,0,0,0
S-90000568,S-CB TOP ENDSHIELD - LUSTER BROWN,8,2001,W001,380,NOS,,INR,0,0,0,0,0,0,0,0,0,0
S-90000569,S-CB TOP ENDSHIELD - OPW,8,2001,W001,380,NOS,,INR,0,0,0,0,0,0,0,0,0,0
S-90000575,S-CLASSIC COLLER LUGS (ARM),25,2001,W001,910,NOS,,INR,0,0,0,0,0,0,0,0,0,0
S-90000577,S-CLASSIC COOLER ACCESSORIES,88,2001,W001,14583,NOS,,INR,0,0,0,0,0,0,0,0,0,0
S-90000579,S-CLASSIC COOLER MOTOR,544,2001,W001,386343,NOS,,INR,0,0,0,0,0,0,0,0,0,0
S-90000601,S-DRIFTAIR 12” CARTON,22,2001,W001,962,NOS,,INR,0,0,0,0,0,0,0,0,0,0
S-90000604,S-DRIFTAIR 12” MOTOR,35,2001,W001,12224,NOS,,INR,0,0,0,0,0,0,0,0,0,0
S-90000611,S-DRIFTAIR 9” ARMS,2,2001,W001,26,NOS,,INR,0,0,0,0,0,0,0,0,0,0
S-90000612,S-DRIFTAIR 9” CARTON,60,2001,W001,1940,NOS,,INR,0,0,0,0,0,0,0,0,0,0
S-90000614,S-DRIFTAIR 9” METAL BLADE,4,2001,W001,110,NOS,,INR,0,0,0,0,0,0,0,0,0,0
S-90000615,S-DRIFTAIR 9” MOTOR,20,2001,W001,5944,NOS,,INR,0,0,0,0,0,0,0,0,0,0
S-90000666,"S-FIZZAIR 16"" BACK MOTOR COVER PF/TF",130,2001,W001,2522,NOS,,INR,0,0,0,0,0,0,0,0,0,0
S-90000667,"S-FIZZAIR 16"" BACK MOTOR COVER WM",145,2001,W001,2813,NOS,,INR,0,0,0,0,0,0,0,0,0,0
S-90000672,"S-FIZZAIR 16"" BLADE PF/TF/WM",112,2001,W001,5347,NOS,,INR,0,0,0,0,0,0,0,0,0,0
S-90000680,"S-FIZZAIR 16"" FRONT MOTOR COVER PF/TF",150,2001,W001,1109,NOS,,INR,0,0,0,0,0,0,0,0,0,0
S-90000681,"S-FIZZAIR 16"" FRONT MOTOR COVER WM",150,2001,W001,1109,NOS,,INR,0,0,0,0,0,0,0,0,0,0
S-90000682,"S-FIZZAIR 16"" GEAR BOX PF/TF",350,2001,W001,3668,NOS,,INR,0,0,0,0,0,0,0,0,0,0
S-90000687,"S-FIZZAIR 16"" JUNCTION BOX ASSEMBLY PF",30,2001,W001,1287,NOS,,INR,0,0,0,0,0,0,0,0,0,0
S-90000689,"S-FIZZAIR 16"" MOTOR WM",2,2001,W001,803,NOS,,INR,0,0,0,0,0,0,0,0,0,0
S-90000691,"S-FIZZAIR 16"" MOUNTING NECK PF/TF/WM",50,2001,W001,407,NOS,,INR,0,0,0,0,0,0,0,0,0,0
S-90000692,"S-FIZZAIR 16"" OSCILATION KNOB PF/TF/WM",60,2001,W001,169,NOS,,INR,0,0,0,0,0,0,0,0,0,0
S-90000693,"S-FIZZAIR 16"" PIANO SWITCH PF/TF",70,2001,W001,1129,NOS,,INR,0,0,0,0,0,0,0,0,0,0
S-90000694,"S-FIZZAIR 16"" ROTARY SWITCH WM",169,2001,W001,1999,NOS,,INR,0,0,0,0,0,0,0,0,0,0
S-90000696,"S-FIZZAIR 16"" SPEED KNOB WM",40,2001,W001,325,NOS,,INR,0,0,0,0,0,0,0,0,0,0
S-90000697,"S-FIZZAIR 16"" WM BASE",20,2001,W001,175,NOS,,INR,0,0,0,0,0,0,0,0,0,0
S-90000698,"S-FIZZAIR-WM 12"" 3 SPEED SWITCH",90,2001,W001,1065,NOS,,INR,0,0,0,0,0,0,0,0,0,0
S-90000700,"S-FIZZAIR-WM 12"" CAPACITOR 2MFD(BOX TYPE",50,2001,W001,914,NOS,,INR,0,0,0,0,0,0,0,0,0,0
S-90000705,"S-FIZZAIR-WM 12"" MOTOR",264,2001,W001,101964,NOS,,INR,0,0,0,0,0,0,0,0,0,0
S-90000711,"S-FIZZAIR-WM 12"" SHOW CAP FRONT OPW",100,2001,W001,511,NOS,,INR,0,0,0,0,0,0,0,0,0,0
S-90000714,"S-FIZZAIR-WM 12"" SYNCHRONOUS MOTOR",90,2001,W001,3899,NOS,,INR,0,0,0,0,0,0,0,0,0,0
S-90000751,"S-FLUX AIR 12"" MOTOR ASSEMBLY",20,2001,W001,6523,NOS,,INR,0,0,0,0,0,0,0,0,0,0
S-90000763,"S-FLUX AIR 9"" MOTOR ASSEMBLY",10,2001,W001,2940,NOS,,INR,0,0,0,0,0,0,0,0,0,0
S-90000765,S-FLYLEAF 1200MM BLADE EMBER,11,2001,W001,2176,NOS,,INR,0,0,0,0,0,0,0,0,0,0
S-90000766,S-FLYLEAF 1200MM BLADE SILVER WHT,14,2001,W001,2540,NOS,,INR,0,0,0,0,0,0,0,0,0,0
S-90000767,S-FLYLEAF 1200MM MOTOR EMBER-WOR+ACCESS,18,2001,W001,13536,NOS,,INR,0,0,0,0,0,0,0,0,0,0
S-90000769,S-FLYLEAF 1200MM WOUND STATOR WITH SHAFT,4,2001,W001,1294,NOS,,INR,0,0,0,0,0,0,0,0,0,0
S-90000782,S-HDEF300 1PH6PL MOTOR,6,2001,W001,4514,NOS,,INR,0,0,0,0,0,0,0,0,0,0
S-90000787,S-HDEF300 BLADE ASSLY.,2,2001,W001,166,NOS,,INR,0,0,0,0,0,0,0,0,0,0
S-90000794,S-HDEF380 1PH4PL MOTOR,29,2001,W001,28040,NOS,,INR,0,0,0,0,0,0,0,0,0,0
S-90000795,S-HDEF380 1PH6PL MOTOR,6,2001,W001,5212,NOS,,INR,0,0,0,0,0,0,0,0,0,0
S-90000800,S-HDEF380 BLADE ASSLY.,60,2001,W001,7006,NOS,,INR,0,0,0,0,0,0,0,0,0,0
S-90000807,S-HDEF450 1PH4PL MOTOR,86,2001,W001,110546,NOS,,INR,0,0,0,0,0,0,0,0,0,0
S-90000809,S-HDEF450 3PH4PL MOTOR,2,2001,W001,2739,NOS,,INR,0,0,0,0,0,0,0,0,0,0
S-90000814,S-HDEF450 BLADE ASSLY,78,2001,W001,15723,NOS,,INR,0,0,0,0,0,0,0,0,0,0
S-90000815,S-HDEF450 CAPACITOR 3.00MFD,20,2001,W001,314,NOS,,INR,0,0,0,0,0,0,0,0,0,0
S-90000817,S-HDEF450 COWL,2,2001,W001,43,NOS,,INR,0,0,0,0,0,0,0,0,0,0
S-90000821,S-HDEF600  BLADE ASSLY.,28,2001,W001,14772,NOS,,INR,0,0,0,0,0,0,0,0,0,0
S-90000823,S-HDEF600 1PH6PL MOTOR,2,2001,W001,4069,NOS,,INR,0,0,0,0,0,0,0,0,0,0
S-90000827,S-HDEF600 ACCESSORIES CARTON,4,2001,W001,410,NOS,,INR,0,0,0,0,0,0,0,0,0,0
S-90000831,S-HDEF600 CAPACITOR 4.00MFD,10,2001,W001,302,NOS,,INR,0,0,0,0,0,0,0,0,0,0
S-90000834,S-HDEF600 MOTOR CARTON,4,2001,W001,138,NOS,,INR,0,0,0,0,0,0,0,0,0,0
S-90000982,S-HILL BRIZ 1200MM BLADE IVY,5,2001,W001,575,NOS,,INR,0,0,0,0,0,0,0,0,0,0
S-90000983,S-HILL BRIZ 1200MM BLADE OPW,10,2001,W001,1150,NOS,,INR,0,0,0,0,0,0,0,0,0,0
S-90000984,S-HILL BRIZ 1200MM MOTOR BRN-WOR+ACCESS,5,2001,W001,2185,NOS,,INR,0,0,0,0,0,0,0,0,0,0
S-90000985,S-HILL BRIZ 1200MM MOTOR IVY-WOR+ACCESS,5,2001,W001,2185,NOS,,INR,0,0,0,0,0,0,0,0,0,0
S-90000987,S-HILL BRIZ 1200MM WOUND STATOR+ SHAFT,110,2001,W001,20687,NOS,,INR,0,0,0,0,0,0,0,0,0,0
S-90000991,S-HILL BRIZ CANOPY BRN,10,2001,W001,38,NOS,,INR,0,0,0,0,0,0,0,0,0,0
S-90000992,S-HILL BRIZ CANOPY IVY,10,2001,W001,38,NOS,,INR,0,0,0,0,0,0,0,0,0,0
S-90000993,S-HILL BRIZ CANOPY OPW,10,2001,W001,38,NOS,,INR,0,0,0,0,0,0,0,0,0,0
S-90000996,S-HILL BRIZ CARTON BOX MOTOR 4/U,1,2001,W001,33,NOS,,INR,0,0,0,0,0,0,0,0,0,0
S-90001036,S-JUPITER CARTON,5,2001,W001,375,NOS,,INR,0,0,0,0,0,0,0,0,0,0
S-90001038,S-JUPITER MOTOR 1200 - BRASS,2,2001,W001,1200,NOS,,INR,0,0,0,0,0,0,0,0,0,0
S-90001260,S-NEBULA GLASS,5,2001,W001,425,NOS,,INR,0,0,0,0,0,0,0,0,0,0
S-90001261,S-NEBULA MOTOR,7,2001,W001,3500,NOS,,INR,0,0,0,0,0,0,0,0,0,0
S-90001262,S-NEBULA SHANK SET,10,2001,W001,5000,NOS,,INR,0,0,0,0,0,0,0,0,0,0
S-90001263,S-NEO BREEZE 1200MM BLADE BRN,16,2001,W001,1875,NOS,,INR,0,0,0,0,0,0,0,0,0,0
S-90001293,"S-NEO STAR PF MOTOR 20""",4,2001,W001,3832,NOS,,INR,0,0,0,0,0,0,0,0,0,0
S-90001352,S-PAWAN 1200MM BLADE IVY,20,2001,W001,2205,NOS,,INR,0,0,0,0,0,0,0,0,0,0
S-90001532,S-SB 1200MM BLADE LUSTRE BRN,20,2001,W001,2096,NOS,,INR,0,0,0,0,0,0,0,0,0,0
S-90001533,S-SB 1200MM BLADE OPW,40,2001,W001,4192,NOS,,INR,0,0,0,0,0,0,0,0,0,0
S-90001595,S-SEAWIND 1200MM BLADE OPW,32,2001,W001,3415,NOS,,INR,0,0,0,0,0,0,0,0,0,0
S-90001596,S-SEAWIND 1200MM MOTOR IVY-WOR,12,2001,W001,4584,NOS,,INR,0,0,0,0,0,0,0,0,0,0
S-90001597,S-SEAWIND 1200MM MOTOR IVY-WOR + ACCESS,20,2001,W001,7640,NOS,,INR,0,0,0,0,0,0,0,0,0,0
S-90001599,S-SEAWIND 1200MM MOTOR LB-WOR + ACCESS,4,2001,W001,1720,NOS,,INR,0,0,0,0,0,0,0,0,0,0
S-90001602,S-SEAWIND 1200MM WOUND STATOR WITH SHAFT,196,2001,W001,34108,NOS,,INR,0,0,0,0,0,0,0,0,0,0
S-90001604,"S-SEAWIND 48"" BLADE CARTON 4/U",6,2001,W001,68,NOS,,INR,0,0,0,0,0,0,0,0,0,0
S-90001611,S-SEAWIND CARTON 4/U,7,2001,W001,228,NOS,,INR,0,0,0,0,0,0,0,0,0,0
S-90001612,S-SEAWIND CARTON S/U,4,2001,W001,60,NOS,,INR,0,0,0,0,0,0,0,0,0,0
S-90001622,S-SMART BREEZE 1200 BLADE OPW,32,2001,W001,4160,NOS,,INR,0,0,0,0,0,0,0,0,0,0
S-90001624,S-SMART BREEZE 1200 MOTOR LB-WOR + ACCE,4,2001,W001,1950,NOS,,INR,0,0,0,0,0,0,0,0,0,0
S-90001773,S-URANUS BLADE SET,17,2001,W001,5100,NOS,,INR,0,0,0,0,0,0,0,0,0,0
S-90001774,S-URANUS BLADE SET BLACK,4,2001,W001,1200,NOS,,INR,0,0,0,0,0,0,0,0,0,0
S-90001778,S-URANUS MOTOR,10,2001,W001,5000,NOS,,INR,0,0,0,0,0,0,0,0,0,0
S-90001813,S-VENTILUS 250MM MOTOR,15,2001,W001,3581,NOS,,INR,0,0,0,0,0,0,0,0,0,0
S-90001839,S-WINDSTAR FARATTA MOUTING PLATE,30,2001,W001,290,NOS,,INR,0,0,0,0,0,0,0,0,0,0
S-90002178,S- BRIZAIR 900/1050/1200 WOUND STR+SHAFT,82,2001,W001,16091,NOS,,INR,0,0,0,0,0,0,0,0,0,0
S-90002431,S- SB CARTON 4/U,22,2001,W001,716,NOS,,INR,0,0,0,0,0,0,0,0,0,0
S-90002432,S- SB CARTON BLADE 4/U,10,2001,W001,114,NOS,,INR,0,0,0,0,0,0,0,0,0,0
S-90002457,"S- 09""TA FRONT END ASSLY.",23,2001,W001,1397,NOS,,INR,0,0,0,0,0,0,0,0,0,0
S-90002471,"S- 12""TA PRIM CARTON WITH FITMENT",24,2001,W001,1703,NOS,,INR,0,0,0,0,0,0,0,0,0,0
S-90002501,S- WWHE 1200mm WOUND STATOR WITH SHAFT,216,2001,W001,45678,NOS,,INR,0,0,0,0,0,0,0,0,0,0
S-90002572,S-SUPERBRIZ DECO 1200MM Canopy Set SLVR,10,2001,W001,38,NOS,,INR,0,0,0,0,0,0,0,0,0,0
S-90002574,S-SUPERBRIZDECO Canopy Set SMBR,10,2001,W001,38,NOS,,INR,0,0,0,0,0,0,0,0,0,0
S-90002575,S-SUPERBRIZ DECO 1200MM Downrod+Shackle,3,2001,W001,61,NOS,,INR,0,0,0,0,0,0,0,0,0,0
S-90002576,S-SUPERBRIZDECO Downrod+Shackle BKWT,3,2001,W001,61,NOS,,INR,0,0,0,0,0,0,0,0,0,0
S-90002577,S-SUPERBRIZDECO Downrod+Shackle SMBR,3,2001,W001,61,NOS,,INR,0,0,0,0,0,0,0,0,0,0
S-90002578,S-SUPERBRIZ DECO 1200MM Wound Stator ASM,6,2001,W001,1214,NOS,,INR,0,0,0,0,0,0,0,0,0,0
S-90002587,S-SUPERBRIZ DECO 1200MM Motor Carton S/U,29,2001,W001,378,NOS,,INR,0,0,0,0,0,0,0,0,0,0
S-90002591,S-SUPERBRIZ DECO 1200MM Motor Ring SLVR,5,2001,W001,251,NOS,,INR,0,0,0,0,0,0,0,0,0,0
S-90002592,S-SUPERBRIZDECO Motor Ring BKWT,20,2001,W001,1003,NOS,,INR,0,0,0,0,0,0,0,0,0,0
S-90002593,S-SUPERBRIZDECO Motor Ring SMBR,20,2001,W001,1003,NOS,,INR,0,0,0,0,0,0,0,0,0,0
S-90002597,S-SUPERBRIZ DECO 1200MM Blade SLVR WHT,2,2001,W001,247,NOS,,INR,0,0,0,0,0,0,0,0,0,0
S-90002598,S-SUPERBRIZ DECO 1200MM Blade BRKN WHT,7,2001,W001,866,NOS,,INR,0,0,0,0,0,0,0,0,0,0
S-90002599,S-SUPERBRIZ DECO 1200MM Blade SMKD BRN,4,2001,W001,495,NOS,,INR,0,0,0,0,0,0,0,0,0,0
S-KDARY48BRN,S-PKD MOT & ACC ARIYABRIZ 1.2M BRN,3,2001,W001,1492,NOS,,INR,0,0,0,0,0,0,0,0,0,0
SB48IVY,SEA BREEZE 1200MM IVORY WOR,1756,2000,W001,1088720,NOS,,INR,0,0,0,0,0,0,0,0,0,0
SB48LB,SEA BREEZE 1200MM LUSTRE BROWN W/OR,1108,2000,W001,677925,NOS,,INR,0,0,2728,1669114,0,0,0,0,0,0
SB48OPW,SEA BREEZE 1200MM OPAL WHT-WOR,476,2000,W001,288451,NOS,,INR,0,0,0,0,0,0,0,0,0,0
SEAWIND48IVY,SEA WIND 1200MM IVORY W/O REG,3772,2000,W001,2260459,NOS,,INR,0,0,0,0,0,0,0,0,0,0
SEAWIND48LB,SEA WIND 1200MM  LUSTRE BROWN W/O REG,5116,2000,W001,3027542,NOS,,INR,0,0,4,2367,0,0,0,0,0,0
SEAWIND48OPW,SEA WIND 1200MM  OPAL WHT W/O REG,1588,2000,W001,940889,NOS,,INR,0,0,0,0,0,0,0,0,0,0
SPLITZ48MIV,SPLITZ  CF  1200MM MAROON IVORY,180,2000,W001,1991,NOS,,INR,0,0,0,0,0,0,0,0,0,0
SPLITZ48SWT,SPLITZ  CF 1200MM  SILVER WHITE,176,2000,W001,2162,NOS,,INR,0,0,0,0,0,0,0,0,0,0
STAR22048WHT,STAR 220 1200MM WHITE CF,288,2000,W001,209952,NOS,,INR,0,0,0,0,0,0,0,0,0,0
SUPERBRIZDEC48BKWT,"SUPER BRIZ DECO 48""BIRKEN WHITE C.FAN",1220,2000,W001,839360,NOS,,INR,0,0,0,0,0,0,0,0,0,0
SUPERBRIZDEC48SLWT,"SUPER BRIZ DECO 48""SILVER WHITE C.FAN",20,2000,W001,13760,NOS,,INR,0,0,0,0,0,0,0,0,0,0
SUPERBRIZDEC48SMBR,"SUPER BRIZ DECO 48""SMOKED BROWN C.FAN",240,2000,W001,165120,NOS,,INR,0,0,0,0,0,0,0,0,0,0
TA12AG-GRD,"12"" TRANSAIR WITH GUARD",14,2000,W001,12950,NOS,,INR,0,0,0,0,0,0,0,0,0,0
TA6AG,"6"" TRANSAIR",360,2000,W001,191880,NOS,,INR,0,0,0,0,0,0,0,0,0,0
TFWIND16AG-2U-DBL,TF 400MM WINDMILL ASH GRY STAND BLUE BLD,120,2000,W001,118779,NOS,,INR,0,0,0,0,0,0,0,0,0,0
TITANIS48RBN,TITANIS 1200MM ROAST BROWN WOR CF,186,2000,W001,670158,NOS,,INR,0,0,0,0,0,0,0,0,0,0
TITANIS48VNL,TITANIS 1200MM VANILLA WOR CF,120,2000,W001,432360,NOS,,INR,0,0,0,0,0,0,0,0,0,0
TRIT48ABR,TRITON 1200MM ANTQ BRASS WOR CF,356,2000,W001,735496,NOS,,INR,0,0,0,0,0,0,0,0,0,0
TRIT48ACR,TRITON 1200MM ANTQ COPPER WOR CF,472,2000,W001,975152,NOS,,INR,0,0,0,0,0,0,0,0,0,0
TRIT48BST,TRITON 1200MM BRUSHED STEEL WOR CF,384,2000,W001,793344,NOS,,INR,0,0,0,0,0,0,0,0,0,0
TRITPRIME48RBNBST,"TRITON PRIME 48"" ROAST BRN-STEEL WOR CF",36,2000,W001,60552,NOS,,INR,0,0,0,0,0,0,0,0,0,0
TRITPRIME48RBNCPR,"TRITON PRIME 48"" ROAST BRN-COPPER WOR CF",112,2000,W001,188384,NOS,,INR,0,0,0,0,0,0,0,0,0,0
TRITPRIME48SWTCRM,"TRITON PRIME 48"" SUPER WHT CHROME WOR CF",50,2000,W001,84100,NOS,,INR,0,0,0,0,0,0,0,0,0,0
TRITPRIMEM48RBNBRS,"TRITON PRIME 48"" ROAST BRN-BRASS WOR CF",102,2000,W001,171564,NOS,,INR,0,0,0,0,0,0,0,0,0,0
TWL48FRD,TWIRL 1.2M FALSA RED,202,2000,W001,228283,NOS,,INR,0,0,0,0,0,0,0,0,0,0
TWL48SWT,TWIRL 1.2M SILVER WHT,4,2000,W001,4101,NOS,,INR,0,0,0,0,0,0,0,0,0,0
TWT48PGR,DNU-TWEETY KIDS FAN 1200MMPURPLE/GRN/RED,14,2000,W001,27569,NOS,,INR,0,0,0,0,0,0,0,0,0,0
ULT48IVY,ULTRAA CF 1.2M  IVORY,96,2000,W001,73966,NOS,,INR,0,0,0,0,0,0,0,0,0,0
URANUS48BLK,URANUS 1200MM BLACK CEILING FAN UL,6,2000,W001,14988,NOS,,INR,0,0,0,0,0,0,0,0,0,0
URANUS48IVY,URANUS 1200 BRASS 4BLADE - IVORY,24,2000,W001,59952,NOS,,INR,0,0,132,329736,0,0,0,0,0,0
VENTILUS8BLK,"VENTILUS 200 MM (8"") FAN BLACK",8,2000,W001,3808,NOS,,INR,0,0,0,0,0,0,0,0,0,0
VENTILUS8WHT,"VENTILUS 200 MM (8"") FAN WHITE",80,2000,W001,38080,NOS,,INR,0,0,0,0,0,0,0,0,0,0
WINDSTARFARRATA20,"20"" WINDSTAR FARRATA FAN",66,2000,W001,103158,NOS,,INR,0,0,0,0,0,0,0,0,0,0
WINZER48OPW,WINZER 1200MM OPW  WOR  CF,56,2000,W001,35072,NOS,,INR,0,0,0,0,0,0,0,0,0,0
WINZER56LB,WINZER 1400MM LUSTRE BRN WOR  CF,148,2000,W001,101972,NOS,,INR,0,0,0,0,0,0,0,0,0,0
WINZER56OPW,WINZER 1400MM OPW WOR  CF,60,2000,W001,41340,NOS,,INR,0,0,0,0,0,0,0,0,0,0
WMFIZZAIR12OPW,"FIZZAIR 12"" WM FAN OPW",165,2000,W001,154770,NOS,,INR,0,0,0,0,0,0,0,0,0,0
WMFIZZAIRHS16OPW,"FIZZAIR 16"" WM FAN OPW",534,2000,W001,531330,NOS,,INR,0,0,0,0,0,0,0,0,0,0
WMSDX16OPW-2U-OPW,DNU-WM 400 MM SDX120 OPAL WHT -  2U PKG,8,2000,W001,7852,NOS,,INR,0,0,0,0,0,0,0,0,0,0
WMSTRM2-18BLK,"SSTORM2 WALL FAN - 18""-BLACK",6,2000,W001,9746,NOS,,INR,0,0,0,0,0,0,0,0,0,0
WMWINDFLO12OPW,"WINDFLO 12"" WM FAN",2490,2000,W001,2232691,NOS,,INR,0,0,0,0,0,0,0,0,0,0
WMWINDFLO16OPW,"WINDFLO 16"" WM FAN",1284,2000,W001,1304463,NOS,,INR,0,0,0,0,0,0,0,0,0,0
WMWINDFLO16WNRD,"WF WIND FLO HIGH SPEED 16""-WINE RED",39,2000,W001,38142,NOS,,INR,0,0,0,0,0,0,0,0,0,0
WWHE48LB,WW HE 1200 LUSTRE BRN WOR,4,2000,W001,3068,NOS,,INR,0,0,0,0,0,0,0,0,0,0
WWHE56OPW,WHIRLWIND HE 1.4MM OPAL WHT-WOR,136,2000,W001,111792,NOS,,INR,0,0,0,0,0,0,0,0,0,0
WWPS48LB,WHIRLWIND PS 1.2M LUSTRE BRN-WOR,796,2000,W001,578692,NOS,,INR,0,0,0,0,0,0,0,0,0,0
WWPS48OPW,WHIRLWIND PS 1.2MM OPAL WHT-WOR,1392,2000,W001,1007584,NOS,,INR,0,0,0,0,0,0,0,0,0,0
XLRN48HGD,"LERON 1.2M HUSKY GLD, GP TRAD.",10,2000,W001,8201,NOS,,INR,0,0,0,0,0,0,0,0,0,0
XLRN48LSL,"LERON 1.2M LENS SLV ,TRIVENI-EXP",20,2000,W001,16435,NOS,,INR,0,0,0,0,0,0,0,0,0,0
