Material,qty
EXHD300-4-1,66
EXHD300-6-1,40
EXHD380-4-1,56
EXHD380-4-1,253
EXHD300-4-1,21
EXHD300-6-1,150
EXHD600-6-1,26
EXHD600-6-3,5
EXHD380-4-3,59
EXHD450-4-1,297
S-90000800,50
S-90000831,39
WMFIZZAIRHS12OPW,78
WMFIZZAIRHS12OPW,72
NEOBRZ48OPW,116
NEOBRZ48OPW,624
STAR22048WHT,344
NEOBRZ48BRN,12
NEOBRZ48BRN,356
NEOBRZ48OPW,100
BRIZ48OPW,676
BRIZ24BRN,180
BRIZ24BRN,416
SUPERBRIZDEC48BKWT,300
SUPERBRIZDEC48BKWT,184
BRIZ48OPW,920
BRIZ36BRN,144
STAR22048WHT,128
NEOBRZ48OPW,408
NEOBRZ48BRN,144
SUPERBRIZDEC48BKWT,424
NEOBRZ48BRN,204
SUPERBRIZDEC48BKWT,80
STAR22048WHT,392
NEOBRZ48OPW,40
SUPERBRIZDEC48SLWT,196
SUPERBRIZDEC48SMBR,12
SUPERBRIZDEC48SLWT,136
BRIZ36BRN,44
BRIZ48BRN,252
BRIZ36BRN,200
S-90002178,240
S-90000376,42
S-90000987,129
SB48LB,972
SB48LB,28
SB48LB,404
SB48IVY,600
VENTILUS8IVY,40
VENTILUS8IVY,160
VENTILUS6WHT,144
VENTILUS6WHT,40
VENTILUS6WHT,392
AXIALAIR6IVY,440
AXIALAIR6IVY,40
AXIALAIR6IVY,260
AXIALAIR6IVY,180
AXIALAIR6IVY,120
AXIALAIR6IVY,60
AXIALAIR6IVY,200
AXIALAIR6WHTN,40
AXIALAIR6WHTN,40
AXIALAIR6WHTN,100
AXIALAIR4WHT,80
AXIALAIR4WHT,40
AXIALAIR4WHT,40
AXIALAIR4WHT,100
AXIALAIR4WHT,240
DRIFTAIRPLUS9OPW,24
DRIFTAIRPLUS9OPW,328
DRIFTAIRPLUS9OPW,176
DRIFTAIRPLUS9OPW,292
DRIFTAIRPLUS12OPW,124
DRIFTAIRPLUS12OPW,40
DRIFTAIRPLUS9OPW,108
DRIFTAIRPLUS12OPW,136
ARYBRZ48IVY,412
ARYBRZ48OPW,12
AURA48BRNDLX,576
AURA48IVYDLX,80
AURPMAD48TTE,196
AVRPMAD48COCO,916
AVRPMAD48IBL,236
DIGNITAAD48CRML,464
ENT48OPW,296
HS36IVY,20
HS48OPW,256
HS56BRN,104
HSDCPRM48AGD,368
HSDCR48BRN,32
HSDCR48IVY,600
HSPLUS48BRN,600
SPLITZ48MIV,64
